VM1-VM2-R,VM1-MM2-R,MM1-MM2-R,MM1-VM2-R,ItemDesc-R,VendorDesc-R,ManufacturerDesc-R,Match
1.0,1.0,1.0,1.0,0.6049382716049383,1.0,0.4444444444444444,1
1.0,1.0,1.0,1.0,0.3880597014925373,1.0,0.23076923076923078,1
1.0,1.0,1.0,1.0,1.0,1.0,1.0,1
1.0,1.0,1.0,1.0,0.4975609756097561,1.0,0.20689655172413793,1
1.0,1.0,1.0,1.0,0.6049382716049383,1.0,0.4444444444444444,1
1.0,1.0,1.0,1.0,0.3880597014925373,1.0,0.23076923076923078,1
1.0,1.0,1.0,1.0,0.3880597014925373,1.0,0.23076923076923078,1
1.0,1.0,1.0,1.0,1.0,1.0,1.0,1
1.0,1.0,1.0,1.0,0.6049382716049383,1.0,0.4444444444444444,1
1.0,1.0,1.0,1.0,0.3880597014925373,1.0,0.23076923076923078,1
1.0,1.0,1.0,1.0,0.4975609756097561,1.0,0.20689655172413793,1
1.0,1.0,1.0,1.0,0.6049382716049383,1.0,0.4444444444444444,1
1.0,1.0,1.0,1.0,0.6134969325153374,1.0,0.4444444444444444,1
1.0,1.0,1.0,1.0,0.4927536231884058,1.0,0.20689655172413793,1
1.0,1.0,1.0,1.0,0.6134969325153374,1.0,0.4444444444444444,1
1.0,1.0,1.0,1.0,0.38613861386138615,1.0,0.23076923076923078,1
1.0,1.0,1.0,1.0,1.0,1.0,1.0,1
1.0,1.0,1.0,1.0,0.38613861386138615,1.0,0.23076923076923078,1
1.0,1.0,1.0,1.0,0.6134969325153374,1.0,0.4444444444444444,1
1.0,1.0,1.0,1.0,0.38613861386138615,1.0,0.23076923076923078,1
1.0,1.0,1.0,1.0,1.0,1.0,1.0,1
1.0,1.0,1.0,1.0,0.4927536231884058,1.0,0.20689655172413793,1
1.0,1.0,1.0,1.0,0.6134969325153374,1.0,0.4444444444444444,1
1.0,1.0,1.0,1.0,0.38613861386138615,1.0,0.23076923076923078,1
1.0,1.0,1.0,1.0,0.4927536231884058,1.0,0.20689655172413793,1
1.0,1.0,1.0,1.0,0.6134969325153374,1.0,0.4444444444444444,1
1.0,1.0,1.0,1.0,0.6134969325153374,1.0,0.4444444444444444,1
1.0,1.0,1.0,1.0,0.38613861386138615,1.0,0.23076923076923078,1
1.0,1.0,1.0,1.0,0.38613861386138615,1.0,0.23076923076923078,1
1.0,1.0,1.0,1.0,1.0,1.0,1.0,1
1.0,1.0,1.0,1.0,0.4927536231884058,1.0,0.20689655172413793,1
1.0,1.0,1.0,1.0,0.38613861386138615,1.0,0.23076923076923078,1
1.0,1.0,1.0,1.0,0.38613861386138615,1.0,0.23076923076923078,1
1.0,1.0,1.0,1.0,0.6134969325153374,1.0,0.4444444444444444,1
1.0,1.0,1.0,1.0,0.6134969325153374,1.0,0.4444444444444444,1
1.0,1.0,1.0,1.0,1.0,1.0,1.0,1
1.0,1.0,1.0,1.0,0.38613861386138615,1.0,0.23076923076923078,1
1.0,1.0,1.0,1.0,1.0,1.0,1.0,1
1.0,1.0,1.0,1.0,0.6134969325153374,1.0,0.4444444444444444,1
1.0,1.0,1.0,1.0,0.38613861386138615,1.0,0.23076923076923078,1
1.0,1.0,1.0,1.0,0.4927536231884058,1.0,0.20689655172413793,1
1.0,1.0,1.0,1.0,0.6134969325153374,1.0,0.4444444444444444,1
1.0,1.0,1.0,1.0,0.4927536231884058,1.0,0.20689655172413793,1
1.0,1.0,1.0,1.0,0.38613861386138615,1.0,0.23076923076923078,1
1.0,1.0,1.0,1.0,0.38613861386138615,1.0,0.23076923076923078,1
1.0,1.0,1.0,1.0,0.6134969325153374,1.0,0.4444444444444444,1
1.0,1.0,1.0,1.0,0.6134969325153374,1.0,0.4444444444444444,1
1.0,1.0,1.0,1.0,1.0,1.0,1.0,1
1.0,1.0,1.0,1.0,1.0,1.0,1.0,1
1.0,1.0,1.0,1.0,0.38613861386138615,1.0,0.23076923076923078,1
1.0,1.0,1.0,1.0,0.6134969325153374,1.0,0.4444444444444444,1
1.0,1.0,1.0,1.0,0.38613861386138615,1.0,0.23076923076923078,1
1.0,1.0,1.0,1.0,0.6134969325153374,1.0,0.4444444444444444,1
1.0,1.0,1.0,1.0,0.4927536231884058,1.0,0.20689655172413793,1
1.0,1.0,1.0,1.0,0.6071428571428571,1.0,0.4444444444444444,1
1.0,1.0,1.0,1.0,0.6071428571428571,1.0,0.4444444444444444,1
1.0,1.0,1.0,1.0,0.49523809523809526,1.0,0.20689655172413793,1
1.0,1.0,1.0,1.0,1.0,1.0,1.0,1
1.0,1.0,1.0,1.0,0.38,1.0,0.23076923076923078,1
1.0,1.0,1.0,1.0,0.38,1.0,0.23076923076923078,1
1.0,1.0,0.0,0.0,0.43548387096774194,1.0,0.0,1
1.0,1.0,0.0,0.0,0.373134328358209,1.0,0.0,1
1.0,1.0,0.0,0.0,0.43548387096774194,1.0,0.0,1
1.0,1.0,0.0,0.0,0.3253012048192771,1.0,0.0,1
1.0,1.0,1.0,1.0,0.6071428571428571,1.0,0.4444444444444444,1
1.0,1.0,1.0,1.0,1.0,1.0,1.0,1
1.0,1.0,1.0,1.0,0.38,1.0,0.23076923076923078,1
1.0,1.0,1.0,1.0,0.6071428571428571,1.0,0.4444444444444444,1
1.0,1.0,1.0,1.0,0.49523809523809526,1.0,0.20689655172413793,1
1.0,1.0,1.0,1.0,0.38,1.0,0.23076923076923078,1
1.0,1.0,0.0,0.0,0.2972972972972973,1.0,0.0,1
1.0,1.0,0.0,0.0,0.37735849056603776,1.0,0.0,1
1.0,1.0,0.0,0.0,0.37735849056603776,1.0,0.0,1
1.0,1.0,0.0,0.0,0.3103448275862069,1.0,0.0,1
1.0,1.0,1.0,1.0,0.38,1.0,0.23076923076923078,1
1.0,1.0,1.0,1.0,0.38,1.0,0.23076923076923078,1
1.0,1.0,1.0,1.0,0.49523809523809526,1.0,0.20689655172413793,1
1.0,1.0,1.0,1.0,1.0,1.0,1.0,1
1.0,1.0,1.0,1.0,0.6071428571428571,1.0,0.4444444444444444,1
1.0,1.0,1.0,1.0,0.6071428571428571,1.0,0.4444444444444444,1
1.0,1.0,0.0,0.0,0.5423728813559322,1.0,0.0,1
1.0,1.0,0.0,0.0,0.5423728813559322,1.0,0.0,1
1.0,1.0,0.0,0.0,0.3125,1.0,0.0,1
1.0,1.0,0.0,0.0,0.40625,1.0,0.0,1
1.0,1.0,1.0,1.0,1.0,1.0,1.0,1
1.0,1.0,1.0,1.0,0.38,1.0,0.23076923076923078,1
1.0,1.0,1.0,1.0,0.6071428571428571,1.0,0.4444444444444444,1
1.0,1.0,1.0,1.0,0.38,1.0,0.23076923076923078,1
1.0,1.0,1.0,1.0,0.6071428571428571,1.0,0.4444444444444444,1
1.0,1.0,1.0,1.0,0.49523809523809526,1.0,0.20689655172413793,1
1.0,1.0,1.0,1.0,1.0,1.0,1.0,1
1.0,1.0,1.0,1.0,0.38,1.0,0.23076923076923078,1
1.0,1.0,1.0,1.0,0.6071428571428571,1.0,0.4444444444444444,1
1.0,1.0,1.0,1.0,0.38,1.0,0.23076923076923078,1
1.0,1.0,1.0,1.0,0.6071428571428571,1.0,0.4444444444444444,1
1.0,1.0,1.0,1.0,0.49523809523809526,1.0,0.20689655172413793,1
1.0,1.0,1.0,1.0,0.49523809523809526,1.0,0.20689655172413793,1
1.0,1.0,1.0,1.0,0.38,1.0,0.23076923076923078,1
1.0,1.0,1.0,1.0,0.38,1.0,0.23076923076923078,1
1.0,1.0,1.0,1.0,0.6071428571428571,1.0,0.4444444444444444,1
1.0,1.0,1.0,1.0,0.6071428571428571,1.0,0.4444444444444444,1
1.0,1.0,1.0,1.0,1.0,1.0,1.0,1
1.0,1.0,1.0,1.0,1.0,1.0,1.0,1
1.0,1.0,1.0,1.0,0.4512820512820513,1.0,0.3783783783783784,1
1.0,1.0,1.0,1.0,0.4577114427860697,1.0,0.20689655172413793,1
1.0,1.0,1.0,1.0,0.4307692307692308,1.0,0.3783783783783784,1
1.0,1.0,1.0,1.0,0.4512820512820513,1.0,0.3783783783783784,1
1.0,1.0,1.0,1.0,0.4577114427860697,1.0,0.20689655172413793,1
1.0,1.0,1.0,1.0,0.4307692307692308,1.0,0.3783783783783784,1
1.0,1.0,1.0,1.0,0.8607594936708861,1.0,0.2,1
1.0,1.0,1.0,1.0,0.8947368421052632,1.0,1.0,1
1.0,1.0,1.0,1.0,0.759493670886076,1.0,0.2,1
1.0,1.0,1.0,1.0,1.0,1.0,1.0,1
1.0,1.0,1.0,1.0,0.4307692307692308,1.0,0.3783783783783784,1
1.0,1.0,1.0,1.0,0.4577114427860697,1.0,0.20689655172413793,1
1.0,1.0,1.0,1.0,0.4512820512820513,1.0,0.3783783783783784,1
1.0,1.0,1.0,1.0,0.4307692307692308,1.0,0.3783783783783784,1
1.0,1.0,1.0,1.0,0.4577114427860697,1.0,0.20689655172413793,1
1.0,1.0,1.0,1.0,0.4512820512820513,1.0,0.3783783783783784,1
1.0,1.0,1.0,1.0,0.759493670886076,1.0,0.2,1
1.0,1.0,1.0,1.0,0.8947368421052632,1.0,1.0,1
1.0,1.0,1.0,1.0,0.8607594936708861,1.0,0.2,1
1.0,1.0,1.0,1.0,0.759493670886076,1.0,0.2,1
1.0,1.0,1.0,1.0,0.4307692307692308,1.0,0.3783783783783784,1
1.0,1.0,1.0,1.0,0.4307692307692308,1.0,0.3783783783783784,1
1.0,1.0,1.0,1.0,0.8947368421052632,1.0,1.0,1
1.0,1.0,1.0,1.0,0.4577114427860697,1.0,0.20689655172413793,1
1.0,1.0,1.0,1.0,0.4577114427860697,1.0,0.20689655172413793,1
1.0,1.0,1.0,1.0,0.8607594936708861,1.0,0.2,1
1.0,1.0,1.0,1.0,1.0,1.0,1.0,1
1.0,1.0,1.0,1.0,0.4512820512820513,1.0,0.3783783783783784,1
1.0,1.0,1.0,1.0,0.4512820512820513,1.0,0.3783783783783784,1
1.0,1.0,1.0,1.0,0.4577114427860697,1.0,0.20689655172413793,1
1.0,1.0,1.0,1.0,1.0,1.0,1.0,1
1.0,1.0,1.0,1.0,0.4307692307692308,1.0,0.3783783783783784,1
1.0,1.0,1.0,1.0,0.4512820512820513,1.0,0.3783783783783784,1
1.0,1.0,1.0,1.0,0.4577114427860697,1.0,0.20689655172413793,1
1.0,1.0,1.0,1.0,0.759493670886076,1.0,0.2,1
1.0,1.0,1.0,1.0,0.8607594936708861,1.0,0.2,1
1.0,1.0,1.0,1.0,0.4307692307692308,1.0,0.3783783783783784,1
1.0,1.0,1.0,1.0,0.4512820512820513,1.0,0.3783783783783784,1
1.0,1.0,1.0,1.0,0.8947368421052632,1.0,1.0,1
1.0,1.0,1.0,1.0,0.4329896907216495,1.0,0.23076923076923078,1
1.0,1.0,1.0,1.0,0.4577114427860697,1.0,0.20689655172413793,1
1.0,1.0,1.0,1.0,0.4512820512820513,1.0,0.3783783783783784,1
1.0,1.0,1.0,1.0,1.0,1.0,1.0,1
1.0,1.0,1.0,1.0,0.7515923566878981,1.0,0.4444444444444444,1
1.0,1.0,1.0,1.0,0.8741721854304636,1.0,0.35294117647058826,1
1.0,1.0,1.0,1.0,0.4329896907216495,1.0,0.23076923076923078,1
1.0,1.0,1.0,1.0,0.8607594936708861,1.0,0.2,1
1.0,1.0,1.0,1.0,0.4577114427860697,1.0,0.20689655172413793,1
1.0,1.0,1.0,1.0,0.4512820512820513,1.0,0.3783783783783784,1
1.0,1.0,1.0,1.0,0.4577114427860697,1.0,0.20689655172413793,1
1.0,1.0,1.0,1.0,0.4512820512820513,1.0,0.3783783783783784,1
1.0,1.0,1.0,1.0,1.0,1.0,1.0,1
1.0,1.0,1.0,1.0,0.4329896907216495,1.0,0.23076923076923078,1
1.0,1.0,1.0,1.0,0.8607594936708861,1.0,0.2,1
1.0,1.0,1.0,1.0,0.4577114427860697,1.0,0.20689655172413793,1
1.0,1.0,1.0,1.0,0.7515923566878981,1.0,0.4444444444444444,1
1.0,1.0,1.0,1.0,0.4512820512820513,1.0,0.3783783783783784,1
1.0,1.0,1.0,1.0,0.8741721854304636,1.0,0.35294117647058826,1
1.0,1.0,1.0,1.0,0.4329896907216495,1.0,0.23076923076923078,1
1.0,1.0,1.0,1.0,0.4329896907216495,1.0,0.23076923076923078,1
1.0,1.0,1.0,1.0,0.7515923566878981,1.0,0.4444444444444444,1
1.0,1.0,1.0,1.0,0.8741721854304636,1.0,0.35294117647058826,1
1.0,1.0,1.0,1.0,0.4329896907216495,1.0,0.23076923076923078,1
1.0,1.0,1.0,1.0,0.4577114427860697,1.0,0.20689655172413793,1
1.0,1.0,1.0,1.0,0.4512820512820513,1.0,0.3783783783783784,1
1.0,1.0,1.0,1.0,1.0,1.0,1.0,1
1.0,1.0,1.0,1.0,0.8607594936708861,1.0,0.2,1
1.0,1.0,1.0,1.0,0.4577114427860697,1.0,0.20689655172413793,1
1.0,1.0,1.0,1.0,0.4512820512820513,1.0,0.3783783783783784,1
1.0,1.0,1.0,1.0,0.4329896907216495,1.0,0.23076923076923078,1
1.0,1.0,1.0,1.0,0.4512820512820513,1.0,0.3783783783783784,1
1.0,1.0,1.0,1.0,0.4577114427860697,1.0,0.20689655172413793,1
1.0,1.0,1.0,1.0,1.0,1.0,1.0,1
1.0,1.0,1.0,1.0,0.8741721854304636,1.0,0.35294117647058826,1
1.0,1.0,1.0,1.0,0.7515923566878981,1.0,0.4444444444444444,1
1.0,1.0,1.0,1.0,0.4329896907216495,1.0,0.23076923076923078,1
1.0,1.0,1.0,1.0,0.8607594936708861,1.0,0.2,1
1.0,1.0,1.0,1.0,0.4512820512820513,1.0,0.3783783783783784,1
1.0,1.0,1.0,1.0,0.4577114427860697,1.0,0.20689655172413793,1
1.0,0.8421052631578947,0.3157894736842105,0.2727272727272727,1.0,1.0,1.0,1
1.0,0.7272727272727273,0.0,0.0,0.746268656716418,1.0,0.0,1
1.0,0.7272727272727273,0.0,0.0,0.746268656716418,1.0,0.0,1
1.0,0.7272727272727273,0.0,0.0,0.717948717948718,1.0,0.0,1
1.0,0.7272727272727273,0.0,0.0,0.8333333333333334,0.38095238095238093,0.0,1
1.0,0.7272727272727273,0.0,0.0,1.0,1.0,0.0,1
1.0,0.7272727272727273,1.0,0.7272727272727273,1.0,1.0,0.21052631578947367,1
1.0,0.7272727272727273,1.0,0.7272727272727273,0.5925925925925926,1.0,0.0,1
1.0,0.7272727272727273,1.0,0.7272727272727273,0.8888888888888888,0.38095238095238093,0.21052631578947367,1
1.0,0.7272727272727273,1.0,0.7272727272727273,0.746268656716418,1.0,0.0,1
1.0,0.7272727272727273,1.0,0.7272727272727273,0.5925925925925926,1.0,0.43478260869565216,1
1.0,0.7272727272727273,1.0,0.7272727272727273,0.8888888888888888,0.38095238095238093,1.0,1
1.0,0.7272727272727273,1.0,0.7272727272727273,0.746268656716418,1.0,0.43478260869565216,1
1.0,0.7272727272727273,1.0,0.7272727272727273,0.6486486486486487,0.38095238095238093,0.43478260869565216,1
1.0,0.7272727272727273,1.0,0.7272727272727273,0.717948717948718,1.0,1.0,1
1.0,0.7272727272727273,1.0,0.7272727272727273,0.8333333333333334,0.38095238095238093,0.43478260869565216,1
1.0,0.0,1.0,0.0,0.5977011494252874,1.0,0.0,1
1.0,1.0,0.0,0.0,0.9176470588235294,1.0,1.0,1
1.0,0.7272727272727273,0.0,0.0,0.5373134328358209,1.0,0.43478260869565216,1
1.0,0.7272727272727273,0.0,0.0,1.0,1.0,1.0,1
1.0,0.7272727272727273,0.0,0.0,0.5977011494252874,1.0,1.0,1
1.0,0.7272727272727273,0.0,0.0,0.5373134328358209,1.0,0.43478260869565216,1
1.0,0.7272727272727273,0.0,0.0,0.5714285714285714,1.0,1.0,1
1.0,1.0,0.0,0.0,0.5869565217391305,1.0,0.0,1
1.0,0.7272727272727273,0.0,0.0,0.5405405405405406,1.0,0.0,1
1.0,0.7272727272727273,0.0,0.0,0.5977011494252874,1.0,0.0,1
1.0,0.7272727272727273,0.0,0.0,1.0,1.0,0.0,1
1.0,0.7272727272727273,0.0,0.0,0.5405405405405406,1.0,0.0,1
1.0,0.7272727272727273,0.0,0.0,0.9591836734693877,1.0,0.0,1
1.0,0.7272727272727273,0.7272727272727273,1.0,0.5277777777777778,1.0,0.43478260869565216,1
1.0,0.7272727272727273,0.7272727272727273,1.0,0.9176470588235294,1.0,1.0,1
1.0,0.7272727272727273,0.7272727272727273,1.0,0.5869565217391305,1.0,1.0,1
1.0,0.7272727272727273,0.7272727272727273,1.0,0.5277777777777778,1.0,0.43478260869565216,1
1.0,0.7272727272727273,0.7272727272727273,1.0,0.5833333333333334,1.0,1.0,1
1.0,0.7272727272727273,1.0,0.7272727272727273,0.5373134328358209,1.0,0.43478260869565216,1
1.0,0.7272727272727273,1.0,0.7272727272727273,0.5405405405405406,1.0,0.43478260869565216,1
1.0,0.7272727272727273,1.0,0.7272727272727273,1.0,1.0,1.0,1
1.0,0.7272727272727273,1.0,0.7272727272727273,0.5128205128205128,1.0,0.43478260869565216,1
1.0,0.7272727272727273,1.0,0.7272727272727273,0.5977011494252874,1.0,1.0,1
1.0,0.7272727272727273,1.0,0.7272727272727273,0.5373134328358209,1.0,0.43478260869565216,1
1.0,0.7272727272727273,1.0,0.7272727272727273,0.5714285714285714,1.0,1.0,1
1.0,0.7272727272727273,1.0,0.7272727272727273,0.5405405405405406,1.0,0.43478260869565216,1
1.0,0.7272727272727273,1.0,0.7272727272727273,0.9591836734693877,1.0,1.0,1
1.0,0.7272727272727273,1.0,0.7272727272727273,0.5128205128205128,1.0,0.43478260869565216,1
1.0,0.0,1.0,0.0,0.5846153846153846,1.0,1.0,1
1.0,0.0,1.0,0.0,0.5081967213114754,1.0,1.0,1
1.0,0.7272727272727273,0.0,0.0,0.5614035087719298,1.0,0.0,1
1.0,0.7272727272727273,0.0,0.0,0.5161290322580645,0.38095238095238093,0.0,1
1.0,0.7272727272727273,0.0,0.0,1.0,1.0,0.0,1
1.0,0.7272727272727273,0.0,0.0,0.5081967213114754,1.0,0.0,1
1.0,0.7272727272727273,0.0,0.0,0.5287356321839081,1.0,0.0,1
1.0,0.7272727272727273,0.0,0.0,0.5846153846153846,1.0,0.0,1
1.0,0.2222222222222222,0.0,0.0,0.5081967213114754,1.0,0.0,1
1.0,0.0,1.0,0.0,0.42424242424242425,1.0,1.0,1
1.0,0.7272727272727273,0.0,0.0,0.6774193548387096,1.0,0.0,1
1.0,0.7272727272727273,0.0,0.0,0.34951456310679613,0.38095238095238093,0.0,1
1.0,0.7272727272727273,0.0,0.0,0.5846153846153846,1.0,0.0,1
1.0,0.7272727272727273,0.0,0.0,0.42424242424242425,1.0,0.0,1
1.0,0.7272727272727273,0.0,0.0,0.3711340206185567,1.0,0.0,1
1.0,0.7272727272727273,0.0,0.0,1.0,1.0,0.0,1
1.0,0.2222222222222222,0.0,0.0,0.42424242424242425,1.0,0.0,1
1.0,0.7272727272727273,0.0,0.0,0.3793103448275862,1.0,0.0,1
1.0,0.7272727272727273,0.0,0.0,0.4842105263157895,0.38095238095238093,0.0,1
1.0,0.7272727272727273,0.0,0.0,0.5081967213114754,1.0,0.0,1
1.0,0.7272727272727273,0.0,0.0,1.0,1.0,0.0,1
1.0,0.7272727272727273,0.0,0.0,0.42696629213483145,1.0,0.0,1
1.0,0.7272727272727273,0.0,0.0,0.42424242424242425,1.0,0.0,1
1.0,0.2222222222222222,0.0,0.0,1.0,1.0,0.0,1
1.0,0.7272727272727273,1.0,0.7272727272727273,0.367816091954023,0.38095238095238093,1.0,1
1.0,0.7272727272727273,1.0,0.7272727272727273,0.5614035087719298,1.0,0.43478260869565216,1
1.0,0.7272727272727273,1.0,0.7272727272727273,0.3793103448275862,1.0,0.43478260869565216,1
1.0,0.7272727272727273,1.0,0.7272727272727273,0.3950617283950617,1.0,0.43478260869565216,1
1.0,0.7272727272727273,1.0,0.7272727272727273,0.6774193548387096,1.0,0.43478260869565216,1
1.0,0.2222222222222222,0.3333333333333333,0.7272727272727273,0.3793103448275862,1.0,0.2857142857142857,1
1.0,0.7272727272727273,1.0,0.7272727272727273,0.5161290322580645,0.38095238095238093,0.43478260869565216,1
1.0,0.7272727272727273,1.0,0.7272727272727273,0.4842105263157895,0.38095238095238093,0.43478260869565216,1
1.0,0.7272727272727273,1.0,0.7272727272727273,0.9,0.38095238095238093,0.43478260869565216,1
1.0,0.7272727272727273,1.0,0.7272727272727273,0.34951456310679613,0.38095238095238093,0.43478260869565216,1
1.0,0.2222222222222222,0.3333333333333333,0.7272727272727273,0.4842105263157895,0.38095238095238093,0.2857142857142857,1
1.0,0.7272727272727273,1.0,0.7272727272727273,0.5081967213114754,1.0,1.0,1
1.0,0.7272727272727273,1.0,0.7272727272727273,0.5287356321839081,1.0,1.0,1
1.0,0.7272727272727273,1.0,0.7272727272727273,0.5846153846153846,1.0,1.0,1
1.0,0.2222222222222222,0.3333333333333333,0.7272727272727273,0.5081967213114754,1.0,0.25,1
1.0,0.7272727272727273,1.0,0.7272727272727273,0.42696629213483145,1.0,1.0,1
1.0,0.7272727272727273,1.0,0.7272727272727273,0.42424242424242425,1.0,1.0,1
1.0,0.2222222222222222,0.3333333333333333,0.7272727272727273,1.0,1.0,0.25,1
1.0,0.7272727272727273,1.0,0.7272727272727273,0.3711340206185567,1.0,1.0,1
1.0,0.2222222222222222,0.3333333333333333,0.7272727272727273,0.42696629213483145,1.0,0.25,1
1.0,0.2222222222222222,0.3333333333333333,0.7272727272727273,0.42424242424242425,1.0,0.25,1
1.0,0.0,1.0,0.0,0.5511811023622047,1.0,1.0,1
1.0,0.7272727272727273,0.0,0.0,0.6333333333333333,1.0,0.0,1
1.0,0.7272727272727273,0.0,0.0,0.5511811023622047,1.0,0.0,1
1.0,0.7272727272727273,0.0,0.0,0.5274725274725275,0.38095238095238093,0.0,1
1.0,0.7272727272727273,0.0,0.0,1.0,1.0,0.0,1
1.0,0.7272727272727273,0.0,0.0,0.5254237288135594,1.0,0.0,1
1.0,0.7272727272727273,0.0,0.0,0.5405405405405406,1.0,0.0,1
1.0,0.2222222222222222,0.0,0.0,0.5254237288135594,1.0,0.0,1
1.0,0.7272727272727273,0.0,0.0,0.40601503759398494,1.0,0.0,1
1.0,0.7272727272727273,0.0,0.0,1.0,1.0,0.0,1
1.0,0.7272727272727273,0.0,0.0,0.34615384615384615,0.38095238095238093,0.0,1
1.0,0.7272727272727273,0.0,0.0,0.5511811023622047,1.0,0.0,1
1.0,0.7272727272727273,0.0,0.0,0.44274809160305345,1.0,0.0,1
1.0,0.7272727272727273,0.0,0.0,0.6774193548387096,1.0,0.0,1
1.0,0.2222222222222222,0.0,0.0,0.44274809160305345,1.0,0.0,1
1.0,0.7272727272727273,1.0,0.7272727272727273,0.40601503759398494,1.0,1.0,1
1.0,0.7272727272727273,1.0,0.7272727272727273,0.5360824742268041,0.38095238095238093,0.43478260869565216,1
1.0,0.7272727272727273,1.0,0.7272727272727273,0.6333333333333333,1.0,1.0,1
1.0,0.7272727272727273,1.0,0.7272727272727273,0.7096774193548387,1.0,1.0,1
1.0,0.7272727272727273,1.0,0.7272727272727273,0.4444444444444444,1.0,0.43478260869565216,1
1.0,0.2222222222222222,0.3333333333333333,0.7272727272727273,0.7096774193548387,1.0,0.25,1
1.0,0.7272727272727273,1.0,0.7272727272727273,0.34615384615384615,0.38095238095238093,0.43478260869565216,1
1.0,0.7272727272727273,1.0,0.7272727272727273,0.5511811023622047,1.0,1.0,1
1.0,0.7272727272727273,1.0,0.7272727272727273,0.44274809160305345,1.0,1.0,1
1.0,0.7272727272727273,1.0,0.7272727272727273,0.6774193548387096,1.0,0.43478260869565216,1
1.0,0.2222222222222222,0.3333333333333333,0.7272727272727273,0.44274809160305345,1.0,0.25,1
1.0,0.7272727272727273,1.0,0.7272727272727273,0.5274725274725275,0.38095238095238093,0.43478260869565216,1
1.0,0.7272727272727273,1.0,0.7272727272727273,0.5052631578947369,0.38095238095238093,0.43478260869565216,1
1.0,0.7272727272727273,1.0,0.7272727272727273,0.36363636363636365,0.38095238095238093,1.0,1
1.0,0.2222222222222222,0.3333333333333333,0.7272727272727273,0.5052631578947369,0.38095238095238093,0.2857142857142857,1
1.0,0.7272727272727273,1.0,0.7272727272727273,0.5254237288135594,1.0,1.0,1
1.0,0.7272727272727273,1.0,0.7272727272727273,0.5405405405405406,1.0,0.43478260869565216,1
1.0,0.2222222222222222,0.3333333333333333,0.7272727272727273,0.5254237288135594,1.0,0.25,1
1.0,0.7272727272727273,1.0,0.7272727272727273,0.4,1.0,0.43478260869565216,1
1.0,0.2222222222222222,0.3333333333333333,0.7272727272727273,1.0,1.0,0.25,1
1.0,0.2222222222222222,0.3333333333333333,0.7272727272727273,0.4,1.0,0.2857142857142857,1
1.0,0.0,1.0,0.0,0.6730769230769231,1.0,1.0,1
1.0,0.0,1.0,0.0,0.5581395348837209,1.0,1.0,1
1.0,0.0,1.0,0.0,0.64,1.0,1.0,1
1.0,0.6666666666666666,0.0,0.0,0.5581395348837209,1.0,0.0,1
1.0,0.35294117647058826,0.0,0.0,0.5581395348837209,1.0,0.0,1
1.0,0.7692307692307693,0.0,0.0,0.5581395348837209,1.0,0.0,1
1.0,0.7692307692307693,0.0,0.0,1.0,1.0,0.0,1
1.0,0.7692307692307693,0.0,0.0,0.6730769230769231,1.0,0.0,1
1.0,0.7692307692307693,0.0,0.0,0.48598130841121495,0.38095238095238093,0.0,1
1.0,0.7692307692307693,0.0,0.0,0.42016806722689076,1.0,0.0,1
1.0,0.7692307692307693,0.0,0.0,0.64,1.0,0.0,1
1.0,0.7692307692307693,0.0,0.0,0.5675675675675675,1.0,0.0,1
1.0,0.0,1.0,0.0,0.5132743362831859,1.0,1.0,1
1.0,0.0,1.0,0.0,0.4036697247706422,1.0,1.0,1
1.0,0.6666666666666666,0.0,0.0,0.5132743362831859,1.0,0.0,1
1.0,0.35294117647058826,0.0,0.0,0.5132743362831859,1.0,0.0,1
1.0,0.7692307692307693,0.0,0.0,0.5132743362831859,1.0,0.0,1
1.0,0.7692307692307693,0.0,0.0,0.6730769230769231,1.0,0.0,1
1.0,0.7692307692307693,0.0,0.0,1.0,1.0,0.0,1
1.0,0.7692307692307693,0.0,0.0,0.3956043956043956,0.38095238095238093,0.0,1
1.0,0.7692307692307693,0.0,0.0,0.36893203883495146,1.0,0.0,1
1.0,0.7692307692307693,0.0,0.0,0.4036697247706422,1.0,0.0,1
1.0,0.7692307692307693,0.0,0.0,0.36363636363636365,1.0,0.0,1
1.0,0.0,1.0,0.0,0.4925373134328358,1.0,1.0,1
1.0,0.6666666666666666,0.0,0.0,1.0,1.0,0.0,1
1.0,0.35294117647058826,0.0,0.0,1.0,1.0,0.0,1
1.0,0.7692307692307693,0.0,0.0,1.0,1.0,0.0,1
1.0,0.7692307692307693,0.0,0.0,0.5581395348837209,1.0,0.0,1
1.0,0.7692307692307693,0.0,0.0,0.5132743362831859,1.0,0.0,1
1.0,0.7692307692307693,0.0,0.0,0.41379310344827586,0.38095238095238093,0.0,1
1.0,0.7692307692307693,0.0,0.0,0.34375,1.0,0.0,1
1.0,0.7692307692307693,0.0,0.0,0.4925373134328358,1.0,0.0,1
1.0,0.7692307692307693,0.0,0.0,0.5095541401273885,1.0,0.0,1
1.0,0.6666666666666666,0.0,0.0,0.4925373134328358,1.0,0.0,1
1.0,0.35294117647058826,0.0,0.0,0.4925373134328358,1.0,0.0,1
1.0,0.7692307692307693,0.0,0.0,0.4925373134328358,1.0,0.0,1
1.0,0.7692307692307693,0.0,0.0,0.64,1.0,0.0,1
1.0,0.7692307692307693,0.0,0.0,0.4036697247706422,1.0,0.0,1
1.0,0.7692307692307693,0.0,0.0,0.48214285714285715,0.38095238095238093,0.0,1
1.0,0.7692307692307693,0.0,0.0,0.3548387096774194,1.0,0.0,1
1.0,0.7692307692307693,0.0,0.0,1.0,1.0,0.0,1
1.0,0.7692307692307693,0.0,0.0,0.5620915032679739,1.0,0.0,1
1.0,0.35294117647058826,0.3076923076923077,0.6666666666666666,1.0,1.0,0.25,1
1.0,0.7692307692307693,0.8888888888888888,0.6666666666666666,1.0,1.0,1.0,1
1.0,0.7692307692307693,0.8888888888888888,0.6666666666666666,0.5581395348837209,1.0,1.0,1
1.0,0.7692307692307693,0.8888888888888888,0.6666666666666666,0.5132743362831859,1.0,1.0,1
1.0,0.7692307692307693,0.8888888888888888,0.6666666666666666,0.41379310344827586,0.38095238095238093,0.43478260869565216,1
1.0,0.7692307692307693,0.8888888888888888,0.6666666666666666,0.34375,1.0,1.0,1
1.0,0.7692307692307693,0.8888888888888888,0.6666666666666666,0.4925373134328358,1.0,1.0,1
1.0,0.7692307692307693,0.8888888888888888,0.6666666666666666,0.5095541401273885,1.0,0.43478260869565216,1
1.0,0.7692307692307693,0.2857142857142857,0.35294117647058826,1.0,1.0,0.25,1
1.0,0.7692307692307693,0.2857142857142857,0.35294117647058826,0.5581395348837209,1.0,0.25,1
1.0,0.7692307692307693,0.2857142857142857,0.35294117647058826,0.5132743362831859,1.0,0.25,1
1.0,0.7692307692307693,0.2857142857142857,0.35294117647058826,0.41379310344827586,0.38095238095238093,0.38095238095238093,1
1.0,0.7692307692307693,0.2857142857142857,0.35294117647058826,0.34375,1.0,0.25,1
1.0,0.7692307692307693,0.2857142857142857,0.35294117647058826,0.4925373134328358,1.0,0.25,1
1.0,0.7692307692307693,0.2857142857142857,0.35294117647058826,0.5095541401273885,1.0,0.38095238095238093,1
1.0,0.7692307692307693,1.0,0.7692307692307693,0.5581395348837209,1.0,1.0,1
1.0,0.7692307692307693,1.0,0.7692307692307693,0.5132743362831859,1.0,1.0,1
1.0,0.7692307692307693,1.0,0.7692307692307693,0.41379310344827586,0.38095238095238093,0.43478260869565216,1
1.0,0.7692307692307693,1.0,0.7692307692307693,0.34375,1.0,1.0,1
1.0,0.7692307692307693,1.0,0.7692307692307693,0.4925373134328358,1.0,1.0,1
1.0,0.7692307692307693,1.0,0.7692307692307693,0.5095541401273885,1.0,0.43478260869565216,1
1.0,0.7692307692307693,1.0,0.7692307692307693,0.6730769230769231,1.0,1.0,1
1.0,0.7692307692307693,1.0,0.7692307692307693,0.48598130841121495,0.38095238095238093,0.43478260869565216,1
1.0,0.7692307692307693,1.0,0.7692307692307693,0.42016806722689076,1.0,1.0,1
1.0,0.7692307692307693,1.0,0.7692307692307693,0.64,1.0,1.0,1
1.0,0.7692307692307693,1.0,0.7692307692307693,0.5675675675675675,1.0,0.43478260869565216,1
1.0,0.7692307692307693,1.0,0.7692307692307693,0.3956043956043956,0.38095238095238093,0.43478260869565216,1
1.0,0.7692307692307693,1.0,0.7692307692307693,0.36893203883495146,1.0,1.0,1
1.0,0.7692307692307693,1.0,0.7692307692307693,0.4036697247706422,1.0,1.0,1
1.0,0.7692307692307693,1.0,0.7692307692307693,0.36363636363636365,1.0,0.43478260869565216,1
1.0,0.7692307692307693,1.0,0.7692307692307693,0.49056603773584906,0.38095238095238093,0.43478260869565216,1
1.0,0.7692307692307693,1.0,0.7692307692307693,0.48214285714285715,0.38095238095238093,0.43478260869565216,1
1.0,0.7692307692307693,1.0,0.7692307692307693,0.5777777777777777,0.38095238095238093,1.0,1
1.0,0.7692307692307693,1.0,0.7692307692307693,0.3548387096774194,1.0,1.0,1
1.0,0.7692307692307693,1.0,0.7692307692307693,0.4489795918367347,1.0,0.43478260869565216,1
1.0,0.7692307692307693,1.0,0.7692307692307693,0.5620915032679739,1.0,0.43478260869565216,1
1.0,0.0,1.0,0.0,0.5891472868217055,1.0,1.0,1
1.0,0.0,1.0,0.0,0.4881889763779528,1.0,1.0,1
1.0,0.0,1.0,0.0,0.4084507042253521,1.0,1.0,1
1.0,0.6666666666666666,0.0,0.0,1.0,1.0,0.0,1
1.0,0.35294117647058826,0.0,0.0,1.0,1.0,0.0,1
1.0,0.7692307692307693,0.0,0.0,0.5891472868217055,1.0,0.0,1
1.0,0.7692307692307693,0.0,0.0,0.41739130434782606,0.38095238095238093,0.0,1
1.0,0.7692307692307693,0.0,0.0,0.3287671232876712,1.0,0.0,1
1.0,0.7692307692307693,0.0,0.0,0.4084507042253521,1.0,0.0,1
1.0,0.7692307692307693,0.0,0.0,1.0,1.0,0.0,1
1.0,0.7692307692307693,0.0,0.0,0.4881889763779528,1.0,0.0,1
1.0,0.0,1.0,0.0,0.5166666666666667,1.0,1.0,1
1.0,0.0,1.0,0.0,0.6074074074074074,1.0,1.0,1
1.0,0.6666666666666666,0.0,0.0,0.5891472868217055,1.0,0.0,1
1.0,0.35294117647058826,0.0,0.0,0.5891472868217055,1.0,0.0,1
1.0,0.7692307692307693,0.0,0.0,1.0,1.0,0.0,1
1.0,0.7692307692307693,0.0,0.0,0.5185185185185185,0.38095238095238093,0.0,1
1.0,0.7692307692307693,0.0,0.0,0.4460431654676259,1.0,0.0,1
1.0,0.7692307692307693,0.0,0.0,0.6074074074074074,1.0,0.0,1
1.0,0.7692307692307693,0.0,0.0,0.5891472868217055,1.0,0.0,1
1.0,0.7692307692307693,0.0,0.0,0.5166666666666667,1.0,0.0,1
1.0,0.0,1.0,0.0,0.37593984962406013,1.0,1.0,1
1.0,0.6666666666666666,0.0,0.0,0.4881889763779528,1.0,0.0,1
1.0,0.35294117647058826,0.0,0.0,0.4881889763779528,1.0,0.0,1
1.0,0.7692307692307693,0.0,0.0,0.5166666666666667,1.0,0.0,1
1.0,0.7692307692307693,0.0,0.0,0.7358490566037735,0.38095238095238093,0.0,1
1.0,0.7692307692307693,0.0,0.0,0.35036496350364965,1.0,0.0,1
1.0,0.7692307692307693,0.0,0.0,0.37593984962406013,1.0,0.0,1
1.0,0.7692307692307693,0.0,0.0,0.4881889763779528,1.0,0.0,1
1.0,0.7692307692307693,0.0,0.0,1.0,1.0,0.0,1
1.0,0.6666666666666666,0.0,0.0,0.4084507042253521,1.0,0.0,1
1.0,0.35294117647058826,0.0,0.0,0.4084507042253521,1.0,0.0,1
1.0,0.7692307692307693,0.0,0.0,0.6074074074074074,1.0,0.0,1
1.0,0.7692307692307693,0.0,0.0,0.4132231404958678,0.38095238095238093,0.0,1
1.0,0.7692307692307693,0.0,0.0,0.4342105263157895,1.0,0.0,1
1.0,0.7692307692307693,0.0,0.0,1.0,1.0,0.0,1
1.0,0.7692307692307693,0.0,0.0,0.4084507042253521,1.0,0.0,1
1.0,0.7692307692307693,0.0,0.0,0.37593984962406013,1.0,0.0,1
1.0,0.35294117647058826,0.3076923076923077,0.6666666666666666,1.0,1.0,0.25,1
1.0,0.7692307692307693,0.8888888888888888,0.6666666666666666,0.5891472868217055,1.0,1.0,1
1.0,0.7692307692307693,0.8888888888888888,0.6666666666666666,0.41739130434782606,0.38095238095238093,0.43478260869565216,1
1.0,0.7692307692307693,0.8888888888888888,0.6666666666666666,0.3287671232876712,1.0,1.0,1
1.0,0.7692307692307693,0.8888888888888888,0.6666666666666666,0.4084507042253521,1.0,1.0,1
1.0,0.7692307692307693,0.8888888888888888,0.6666666666666666,1.0,1.0,1.0,1
1.0,0.7692307692307693,0.8888888888888888,0.6666666666666666,0.4881889763779528,1.0,0.43478260869565216,1
1.0,0.7692307692307693,0.2857142857142857,0.35294117647058826,0.5891472868217055,1.0,0.25,1
1.0,0.7692307692307693,0.2857142857142857,0.35294117647058826,0.41739130434782606,0.38095238095238093,0.38095238095238093,1
1.0,0.7692307692307693,0.2857142857142857,0.35294117647058826,0.3287671232876712,1.0,0.25,1
1.0,0.7692307692307693,0.2857142857142857,0.35294117647058826,0.4084507042253521,1.0,0.25,1
1.0,0.7692307692307693,0.2857142857142857,0.35294117647058826,1.0,1.0,0.25,1
1.0,0.7692307692307693,0.2857142857142857,0.35294117647058826,0.4881889763779528,1.0,0.38095238095238093,1
1.0,0.7692307692307693,1.0,0.7692307692307693,0.5185185185185185,0.38095238095238093,0.43478260869565216,1
1.0,0.7692307692307693,1.0,0.7692307692307693,0.4460431654676259,1.0,1.0,1
1.0,0.7692307692307693,1.0,0.7692307692307693,0.6074074074074074,1.0,1.0,1
1.0,0.7692307692307693,1.0,0.7692307692307693,0.5891472868217055,1.0,1.0,1
1.0,0.7692307692307693,1.0,0.7692307692307693,0.5166666666666667,1.0,0.43478260869565216,1
1.0,0.7692307692307693,1.0,0.7692307692307693,0.416,0.38095238095238093,0.43478260869565216,1
1.0,0.7692307692307693,1.0,0.7692307692307693,0.4132231404958678,0.38095238095238093,0.43478260869565216,1
1.0,0.7692307692307693,1.0,0.7692307692307693,0.41739130434782606,0.38095238095238093,0.43478260869565216,1
1.0,0.7692307692307693,1.0,0.7692307692307693,0.7358490566037735,0.38095238095238093,1.0,1
1.0,0.7692307692307693,1.0,0.7692307692307693,0.4342105263157895,1.0,1.0,1
1.0,0.7692307692307693,1.0,0.7692307692307693,0.3287671232876712,1.0,1.0,1
1.0,0.7692307692307693,1.0,0.7692307692307693,0.35036496350364965,1.0,0.43478260869565216,1
1.0,0.7692307692307693,1.0,0.7692307692307693,0.4084507042253521,1.0,1.0,1
1.0,0.7692307692307693,1.0,0.7692307692307693,0.37593984962406013,1.0,0.43478260869565216,1
1.0,0.7692307692307693,1.0,0.7692307692307693,0.4881889763779528,1.0,0.43478260869565216,1
1.0,0.7142857142857143,0.0,0.0,0.5079365079365079,0.38095238095238093,0.0,1
1.0,0.7142857142857143,0.0,0.0,0.5714285714285714,1.0,0.0,1
1.0,0.7142857142857143,0.0,0.0,1.0,1.0,0.0,1
1.0,0.7142857142857143,0.0,0.0,0.5,1.0,0.0,1
1.0,0.75,0.0,0.0,0.5,1.0,0.0,1
1.0,0.8,0.0,0.0,0.4,1.0,0.0,1
1.0,0.8,0.0,0.0,0.42016806722689076,1.0,0.0,1
1.0,0.7142857142857143,1.0,0.7142857142857143,0.7454545454545455,0.38095238095238093,1.0,1
1.0,0.7142857142857143,1.0,0.7142857142857143,0.5079365079365079,0.38095238095238093,0.43478260869565216,1
1.0,0.7142857142857143,1.0,0.7142857142857143,0.515625,0.38095238095238093,0.43478260869565216,1
1.0,0.75,0.8333333333333334,0.7142857142857143,0.515625,0.38095238095238093,0.43478260869565216,1
1.0,0.8,0.9090909090909091,0.7142857142857143,0.46153846153846156,0.38095238095238093,0.43478260869565216,1
1.0,0.8,0.9090909090909091,0.7142857142857143,0.5048543689320388,0.38095238095238093,0.43478260869565216,1
1.0,0.7142857142857143,1.0,0.7142857142857143,0.5714285714285714,1.0,0.43478260869565216,1
1.0,0.7142857142857143,1.0,0.7142857142857143,0.53125,1.0,0.43478260869565216,1
1.0,0.75,0.8333333333333334,0.7142857142857143,0.53125,1.0,0.43478260869565216,1
1.0,0.8,0.9090909090909091,0.7142857142857143,0.5384615384615384,1.0,0.43478260869565216,1
1.0,0.8,0.9090909090909091,0.7142857142857143,0.6019417475728155,1.0,0.43478260869565216,1
1.0,0.7142857142857143,1.0,0.7142857142857143,0.5,1.0,1.0,1
1.0,0.75,0.8333333333333334,0.7142857142857143,0.5,1.0,1.0,1
1.0,0.8,0.9090909090909091,0.7142857142857143,0.4,1.0,1.0,1
1.0,0.8,0.9090909090909091,0.7142857142857143,0.42016806722689076,1.0,1.0,1
1.0,0.75,0.8333333333333334,0.7142857142857143,1.0,1.0,1.0,1
1.0,0.8,0.9090909090909091,0.7142857142857143,0.4098360655737705,1.0,1.0,1
1.0,0.8,0.9090909090909091,0.7142857142857143,0.4793388429752066,1.0,1.0,1
1.0,0.8,0.7692307692307693,0.75,0.4098360655737705,1.0,1.0,1
1.0,0.8,0.7692307692307693,0.75,0.4793388429752066,1.0,1.0,1
1.0,0.8,1.0,0.8,0.9072164948453608,1.0,1.0,1
1.0,0.7142857142857143,0.0,0.0,1.0,1.0,0.0,1
1.0,0.8,0.0,0.0,0.5985401459854015,1.0,0.0,1
1.0,0.8,0.9090909090909091,0.7142857142857143,0.5985401459854015,1.0,1.0,1
1.0,0.7142857142857143,0.0,0.0,1.0,1.0,0.0,1
1.0,0.7142857142857143,0.0,0.0,0.6788990825688074,1.0,0.0,1
1.0,0.7142857142857143,0.0,0.0,0.3937007874015748,1.0,0.0,1
1.0,0.7142857142857143,0.0,0.0,0.5161290322580645,0.38095238095238093,0.0,1
1.0,0.7142857142857143,0.0,0.0,0.6129032258064516,1.0,0.0,1
1.0,0.8,0.0,0.0,0.3937007874015748,1.0,0.0,1
1.0,0.8,0.0,0.0,0.6129032258064516,1.0,0.0,1
1.0,0.8,0.0,0.0,0.5161290322580645,0.38095238095238093,0.0,1
1.0,0.8,0.0,0.0,0.6788990825688074,1.0,0.0,1
1.0,0.7142857142857143,1.0,0.7142857142857143,0.6788990825688074,1.0,0.43478260869565216,1
1.0,0.7142857142857143,1.0,0.7142857142857143,0.3937007874015748,1.0,1.0,1
1.0,0.7142857142857143,1.0,0.7142857142857143,0.5161290322580645,0.38095238095238093,0.43478260869565216,1
1.0,0.7142857142857143,1.0,0.7142857142857143,0.6129032258064516,1.0,1.0,1
1.0,0.8,0.9090909090909091,0.7142857142857143,0.3937007874015748,1.0,1.0,1
1.0,0.8,0.9090909090909091,0.7142857142857143,0.6129032258064516,1.0,1.0,1
1.0,0.8,0.9090909090909091,0.7142857142857143,0.5161290322580645,0.38095238095238093,0.43478260869565216,1
1.0,0.8,0.9090909090909091,0.7142857142857143,0.6788990825688074,1.0,0.43478260869565216,1
1.0,0.7142857142857143,1.0,0.7142857142857143,0.453125,1.0,0.43478260869565216,1
1.0,0.7142857142857143,1.0,0.7142857142857143,0.624,0.38095238095238093,1.0,1
1.0,0.7142857142857143,1.0,0.7142857142857143,0.752,1.0,0.43478260869565216,1
1.0,0.8,0.9090909090909091,0.7142857142857143,0.453125,1.0,0.43478260869565216,1
1.0,0.8,0.9090909090909091,0.7142857142857143,0.752,1.0,0.43478260869565216,1
1.0,0.8,0.9090909090909091,0.7142857142857143,0.624,0.38095238095238093,1.0,1
1.0,0.8,0.9090909090909091,0.7142857142857143,1.0,1.0,1.0,1
1.0,0.7142857142857143,1.0,0.7142857142857143,0.40559440559440557,0.38095238095238093,0.43478260869565216,1
1.0,0.7142857142857143,1.0,0.7142857142857143,0.48951048951048953,1.0,1.0,1
1.0,0.8,0.9090909090909091,0.7142857142857143,1.0,1.0,1.0,1
1.0,0.8,0.9090909090909091,0.7142857142857143,0.48951048951048953,1.0,1.0,1
1.0,0.8,0.9090909090909091,0.7142857142857143,0.40559440559440557,0.38095238095238093,0.43478260869565216,1
1.0,0.8,0.9090909090909091,0.7142857142857143,0.453125,1.0,0.43478260869565216,1
1.0,0.7142857142857143,1.0,0.7142857142857143,0.5428571428571428,0.38095238095238093,0.43478260869565216,1
1.0,0.8,0.9090909090909091,0.7142857142857143,0.40559440559440557,0.38095238095238093,0.43478260869565216,1
1.0,0.8,0.9090909090909091,0.7142857142857143,0.5428571428571428,0.38095238095238093,0.43478260869565216,1
1.0,0.8,0.9090909090909091,0.7142857142857143,1.0,1.0,1.0,1
1.0,0.8,0.9090909090909091,0.7142857142857143,0.624,0.38095238095238093,1.0,1
1.0,0.8,0.9090909090909091,0.7142857142857143,0.48951048951048953,1.0,1.0,1
1.0,0.8,0.9090909090909091,0.7142857142857143,1.0,1.0,1.0,1
1.0,0.8,0.9090909090909091,0.7142857142857143,0.5428571428571428,0.38095238095238093,0.43478260869565216,1
1.0,0.8,0.9090909090909091,0.7142857142857143,0.752,1.0,0.43478260869565216,1
1.0,0.8,1.0,0.8,0.48951048951048953,1.0,1.0,1
1.0,0.8,1.0,0.8,0.40559440559440557,0.38095238095238093,0.43478260869565216,1
1.0,0.8,1.0,0.8,0.453125,1.0,0.43478260869565216,1
1.0,0.8,1.0,0.8,0.5428571428571428,0.38095238095238093,0.43478260869565216,1
1.0,0.8,1.0,0.8,0.752,1.0,0.43478260869565216,1
1.0,0.8,1.0,0.8,0.624,0.38095238095238093,1.0,1
1.0,0.0,1.0,0.0,0.48936170212765956,1.0,1.0,1
1.0,0.0,1.0,0.0,0.6611570247933884,0.38095238095238093,1.0,1
1.0,0.7142857142857143,0.0,0.0,0.47058823529411764,1.0,0.0,1
1.0,0.7142857142857143,0.0,0.0,0.6611570247933884,0.38095238095238093,0.0,1
1.0,0.7142857142857143,0.0,0.0,0.48936170212765956,1.0,0.0,1
1.0,0.75,0.0,0.0,0.6837606837606838,1.0,0.0,1
1.0,0.8,0.0,0.0,1.0,1.0,0.0,1
1.0,0.8,0.0,0.0,0.3939393939393939,1.0,0.0,1
1.0,0.0,1.0,0.0,0.46153846153846156,0.38095238095238093,1.0,1
1.0,0.7142857142857143,0.0,0.0,0.4943820224719101,1.0,0.0,1
1.0,0.7142857142857143,0.0,0.0,0.46153846153846156,0.38095238095238093,0.0,1
1.0,0.7142857142857143,0.0,0.0,1.0,1.0,0.0,1
1.0,0.75,0.0,0.0,0.4827586206896552,1.0,0.0,1
1.0,0.8,0.0,0.0,0.48936170212765956,1.0,0.0,1
1.0,0.8,0.0,0.0,0.37254901960784315,1.0,0.0,1
1.0,0.7142857142857143,0.0,0.0,0.5172413793103449,0.38095238095238093,0.0,1
1.0,0.7142857142857143,0.0,0.0,1.0,1.0,0.0,1
1.0,0.7142857142857143,0.0,0.0,0.46153846153846156,0.38095238095238093,0.0,1
1.0,0.75,0.0,0.0,0.9649122807017544,0.38095238095238093,0.0,1
1.0,0.8,0.0,0.0,0.6611570247933884,0.38095238095238093,0.0,1
1.0,0.8,0.0,0.0,0.37209302325581395,0.38095238095238093,0.0,1
1.0,0.7142857142857143,1.0,0.7142857142857143,0.5172413793103449,0.38095238095238093,0.43478260869565216,1
1.0,0.7142857142857143,1.0,0.7142857142857143,0.4943820224719101,1.0,1.0,1
1.0,0.75,0.8333333333333334,0.7142857142857143,0.5357142857142857,1.0,0.4166666666666667,1
1.0,0.8,0.9090909090909091,0.7142857142857143,0.47058823529411764,1.0,1.0,1
1.0,0.8,0.9090909090909091,0.7142857142857143,0.5511811023622047,1.0,1.0,1
1.0,0.7142857142857143,1.0,0.7142857142857143,0.46153846153846156,0.38095238095238093,0.43478260869565216,1
1.0,0.75,0.8333333333333334,0.7142857142857143,0.9649122807017544,0.38095238095238093,0.4827586206896552,1
1.0,0.8,0.9090909090909091,0.7142857142857143,0.6611570247933884,0.38095238095238093,0.43478260869565216,1
1.0,0.8,0.9090909090909091,0.7142857142857143,0.37209302325581395,0.38095238095238093,0.43478260869565216,1
1.0,0.75,0.8333333333333334,0.7142857142857143,0.4827586206896552,1.0,0.4166666666666667,1
1.0,0.8,0.9090909090909091,0.7142857142857143,0.48936170212765956,1.0,1.0,1
1.0,0.8,0.9090909090909091,0.7142857142857143,0.37254901960784315,1.0,1.0,1
1.0,0.8,0.7692307692307693,0.75,0.6837606837606838,1.0,0.4166666666666667,1
1.0,0.8,0.7692307692307693,0.75,0.384,1.0,0.4166666666666667,1
1.0,0.8,1.0,0.8,0.3939393939393939,1.0,1.0,1
1.0,1.0,0.0,0.0,0.4,1.0,0.0,1
1.0,1.0,0.0,0.0,0.5656565656565656,1.0,0.0,1
1.0,1.0,0.0,0.0,0.5287356321839081,1.0,0.0,1
1.0,1.0,0.0,0.0,0.36065573770491804,1.0,0.0,1
1.0,1.0,1.0,1.0,0.4715447154471545,1.0,1.0,1
1.0,1.0,1.0,1.0,0.7927927927927928,1.0,1.0,1
1.0,1.0,1.0,1.0,0.3972602739726027,1.0,1.0,1
1.0,1.0,1.0,1.0,0.6,1.0,1.0,1
1.0,1.0,1.0,1.0,0.4129032258064516,1.0,1.0,1
1.0,1.0,1.0,1.0,0.46153846153846156,1.0,1.0,1
1.0,1.0,0.0,0.0,0.5773195876288659,1.0,0.0,1
1.0,1.0,0.0,0.0,0.4883720930232558,1.0,0.0,1
1.0,1.0,0.0,0.0,0.36666666666666664,1.0,0.0,1
1.0,1.0,0.0,0.0,0.5454545454545454,1.0,0.0,1
1.0,1.0,1.0,1.0,0.5950413223140496,1.0,1.0,1
1.0,1.0,1.0,1.0,0.43870967741935485,1.0,1.0,1
1.0,1.0,1.0,1.0,0.6341463414634146,1.0,1.0,1
1.0,1.0,1.0,1.0,0.4166666666666667,1.0,1.0,1
1.0,1.0,1.0,1.0,0.9285714285714286,1.0,1.0,1
1.0,1.0,1.0,1.0,0.4520547945205479,1.0,1.0,1
1.0,1.0,1.0,1.0,0.4878048780487805,1.0,1.0,1
1.0,1.0,1.0,1.0,0.4166666666666667,1.0,1.0,1
1.0,1.0,1.0,1.0,0.3972602739726027,1.0,1.0,1
1.0,1.0,1.0,1.0,0.6201550387596899,1.0,1.0,1
1.0,1.0,1.0,1.0,0.43870967741935485,1.0,1.0,1
1.0,1.0,1.0,1.0,0.3815789473684211,1.0,1.0,1
1.0,1.0,0.0,0.0,0.46153846153846156,1.0,0.0,1
1.0,1.0,0.0,0.0,0.4094488188976378,1.0,0.0,1
1.0,1.0,0.0,0.0,0.38095238095238093,1.0,0.0,1
1.0,1.0,0.0,0.0,0.44025157232704404,1.0,0.0,1
1.0,1.0,1.0,1.0,0.8034188034188035,1.0,1.0,1
1.0,1.0,1.0,1.0,0.5862068965517241,1.0,1.0,1
1.0,1.0,1.0,1.0,0.40268456375838924,1.0,1.0,1
1.0,1.0,1.0,1.0,0.4424778761061947,1.0,1.0,1
1.0,1.0,1.0,1.0,0.3561643835616438,1.0,1.0,1
1.0,1.0,1.0,1.0,0.41379310344827586,1.0,1.0,1
1.0,1.0,1.0,1.0,0.4878048780487805,1.0,1.0,1
1.0,1.0,1.0,1.0,0.43870967741935485,1.0,1.0,1
1.0,1.0,1.0,1.0,0.3972602739726027,1.0,1.0,1
1.0,1.0,0.0,0.0,0.47863247863247865,1.0,0.0,1
1.0,1.0,0.0,0.0,0.33557046979865773,1.0,0.0,1
1.0,1.0,0.0,0.0,0.5862068965517241,1.0,0.0,1
1.0,1.0,0.0,0.0,0.5217391304347826,1.0,0.0,1
1.0,1.0,1.0,1.0,0.3561643835616438,1.0,1.0,1
1.0,1.0,1.0,1.0,0.4424778761061947,1.0,1.0,1
1.0,1.0,1.0,1.0,0.8392857142857143,1.0,1.0,1
1.0,1.0,1.0,1.0,0.42758620689655175,1.0,1.0,1
1.0,1.0,1.0,1.0,0.3888888888888889,1.0,1.0,1
1.0,1.0,1.0,1.0,0.5405405405405406,1.0,1.0,1
1.0,1.0,0.0,0.0,0.36363636363636365,1.0,0.0,1
1.0,1.0,0.0,0.0,0.5625,1.0,0.0,1
1.0,1.0,0.0,0.0,0.38202247191011235,1.0,0.0,1
1.0,1.0,0.0,0.0,0.4807692307692308,1.0,0.0,1
1.0,1.0,1.0,1.0,0.39215686274509803,1.0,1.0,1
1.0,1.0,1.0,1.0,0.3561643835616438,1.0,1.0,1
1.0,1.0,1.0,1.0,0.39751552795031053,1.0,1.0,1
1.0,1.0,1.0,1.0,0.4793388429752066,1.0,1.0,1
1.0,1.0,1.0,1.0,0.6176470588235294,1.0,1.0,1
1.0,1.0,1.0,1.0,0.7286821705426356,1.0,1.0,1
1.0,1.0,1.0,1.0,0.3972602739726027,1.0,1.0,1
1.0,1.0,1.0,1.0,0.43870967741935485,1.0,1.0,1
1.0,1.0,1.0,1.0,0.4878048780487805,1.0,1.0,1
1.0,1.0,0.0,0.0,0.37410071942446044,1.0,0.0,1
1.0,1.0,0.0,0.0,0.7543859649122807,1.0,0.0,1
1.0,1.0,0.0,0.0,0.4672897196261682,1.0,0.0,1
1.0,1.0,1.0,1.0,0.39215686274509803,1.0,1.0,1
1.0,1.0,1.0,1.0,0.3561643835616438,1.0,1.0,1
1.0,1.0,1.0,1.0,0.4793388429752066,1.0,1.0,1
1.0,1.0,0.0,0.0,0.6136363636363636,1.0,0.0,1
1.0,1.0,0.0,0.0,0.5531914893617021,1.0,0.0,1
1.0,1.0,0.0,0.0,0.5333333333333333,1.0,0.0,1
1.0,1.0,1.0,1.0,0.543859649122807,1.0,1.0,1
1.0,1.0,1.0,1.0,0.8909090909090909,1.0,1.0,1
1.0,1.0,1.0,1.0,0.46551724137931033,1.0,1.0,1
1.0,1.0,1.0,1.0,0.46551724137931033,1.0,1.0,1
1.0,0.0,1.0,0.0,0.18421052631578946,1.0,1.0,1
1.0,1.0,0.0,0.0,0.18947368421052632,1.0,0.0,1
1.0,1.0,0.0,0.0,0.2857142857142857,1.0,0.0,1
1.0,1.0,0.0,0.0,0.21333333333333335,1.0,0.0,1
1.0,1.0,0.0,0.0,0.1927710843373494,1.0,0.0,1
1.0,1.0,0.0,0.0,0.42424242424242425,1.0,0.0,1
1.0,1.0,0.0,0.0,0.5227272727272727,1.0,0.0,1
1.0,1.0,0.0,0.0,0.5316455696202531,1.0,0.0,1
1.0,1.0,0.0,0.0,0.41379310344827586,1.0,0.0,1
1.0,1.0,1.0,1.0,0.48598130841121495,1.0,1.0,1
1.0,1.0,1.0,1.0,0.5306122448979592,1.0,1.0,1
1.0,1.0,1.0,1.0,0.33962264150943394,1.0,1.0,1
1.0,1.0,1.0,1.0,0.5517241379310345,1.0,1.0,1
1.0,1.0,1.0,1.0,0.4842105263157895,1.0,1.0,1
1.0,1.0,1.0,1.0,0.6511627906976745,1.0,1.0,1
1.0,1.0,0.0,0.0,0.45161290322580644,1.0,0.0,1
1.0,1.0,0.0,0.0,0.38596491228070173,1.0,0.0,1
1.0,1.0,0.0,0.0,0.41739130434782606,1.0,0.0,1
1.0,1.0,0.0,0.0,0.3958333333333333,1.0,0.0,1
1.0,1.0,1.0,1.0,0.5128205128205128,1.0,1.0,1
1.0,1.0,1.0,1.0,0.5254237288135594,1.0,1.0,1
1.0,1.0,1.0,1.0,0.7878787878787878,1.0,1.0,1
1.0,1.0,1.0,1.0,0.5467625899280576,1.0,1.0,1
1.0,1.0,1.0,1.0,0.4,1.0,1.0,1
1.0,1.0,1.0,1.0,0.4297520661157025,1.0,1.0,1
1.0,1.0,1.0,1.0,0.7142857142857143,1.0,1.0,1
1.0,1.0,1.0,1.0,0.4482758620689655,1.0,1.0,1
1.0,1.0,1.0,1.0,0.5128205128205128,1.0,1.0,1
1.0,1.0,1.0,1.0,0.5420560747663551,1.0,1.0,1
1.0,1.0,1.0,1.0,0.4,1.0,1.0,1
1.0,1.0,1.0,1.0,0.4297520661157025,1.0,1.0,1
1.0,1.0,1.0,1.0,0.5045045045045045,1.0,1.0,1
1.0,1.0,1.0,1.0,0.5467625899280576,1.0,1.0,1
1.0,1.0,1.0,1.0,0.49612403100775193,1.0,1.0,1
1.0,1.0,1.0,1.0,0.6307692307692307,1.0,1.0,1
1.0,1.0,0.0,0.0,0.4878048780487805,1.0,0.0,1
1.0,1.0,0.0,0.0,0.40625,1.0,0.0,1
1.0,1.0,0.0,0.0,0.5483870967741935,1.0,0.0,1
1.0,1.0,0.0,0.0,0.4935064935064935,1.0,0.0,1
1.0,1.0,1.0,1.0,0.3469387755102041,1.0,1.0,1
1.0,1.0,1.0,1.0,0.5208333333333334,1.0,1.0,1
1.0,1.0,1.0,1.0,0.45045045045045046,1.0,1.0,1
1.0,1.0,1.0,1.0,0.6923076923076923,1.0,1.0,1
1.0,1.0,1.0,1.0,0.43010752688172044,1.0,1.0,1
1.0,1.0,1.0,1.0,0.5934065934065934,1.0,1.0,1
1.0,1.0,0.0,0.0,0.6388888888888888,1.0,0.0,1
1.0,1.0,0.0,0.0,0.575,1.0,0.0,1
1.0,1.0,1.0,1.0,0.6862745098039216,1.0,1.0,1
1.0,1.0,1.0,1.0,0.5316455696202531,1.0,1.0,1
1.0,1.0,1.0,1.0,0.56,1.0,1.0,1
1.0,1.0,1.0,1.0,0.5227272727272727,1.0,1.0,1
1.0,1.0,1.0,1.0,0.5333333333333333,1.0,1.0,1
1.0,1.0,1.0,1.0,0.5753424657534246,1.0,1.0,1
1.0,1.0,1.0,1.0,0.5753424657534246,1.0,1.0,1
1.0,1.0,1.0,1.0,0.5753424657534246,1.0,1.0,1
1.0,1.0,1.0,1.0,0.5753424657534246,1.0,1.0,1
1.0,1.0,1.0,1.0,0.5694444444444444,1.0,1.0,1
1.0,1.0,1.0,1.0,0.5694444444444444,1.0,1.0,1
1.0,1.0,1.0,1.0,1.0,1.0,1.0,1
1.0,1.0,1.0,1.0,0.5694444444444444,1.0,1.0,1
1.0,1.0,1.0,1.0,0.5753424657534246,1.0,1.0,1
1.0,1.0,1.0,1.0,0.5753424657534246,1.0,1.0,1
1.0,1.0,1.0,1.0,1.0,1.0,1.0,1
1.0,1.0,1.0,1.0,0.4881889763779528,1.0,1.0,1
1.0,1.0,1.0,1.0,0.4689655172413793,1.0,1.0,1
1.0,1.0,1.0,1.0,0.56,1.0,1.0,1
1.0,1.0,1.0,1.0,0.5753424657534246,1.0,1.0,1
1.0,1.0,1.0,1.0,0.4503311258278146,1.0,1.0,1
1.0,1.0,1.0,1.0,0.47337278106508873,1.0,1.0,1
1.0,1.0,1.0,1.0,0.5753424657534246,1.0,1.0,1
1.0,1.0,0.0,0.0,0.6428571428571429,1.0,1.0,1
1.0,1.0,0.0,0.0,1.0,1.0,1.0,1
1.0,1.0,0.0,0.0,0.38028169014084506,1.0,1.0,1
1.0,1.0,1.0,1.0,0.6428571428571429,1.0,1.0,1
1.0,1.0,1.0,1.0,0.41935483870967744,1.0,1.0,1
1.0,1.0,1.0,1.0,0.38028169014084506,1.0,1.0,1
1.0,1.0,1.0,1.0,0.5753424657534246,1.0,1.0,1
1.0,1.0,1.0,1.0,0.6666666666666666,1.0,1.0,1
1.0,1.0,1.0,1.0,0.48554913294797686,1.0,1.0,1
1.0,1.0,1.0,1.0,0.8412698412698413,1.0,1.0,1
1.0,1.0,1.0,1.0,0.43870967741935485,1.0,1.0,1
1.0,1.0,1.0,1.0,0.47058823529411764,1.0,1.0,1
1.0,1.0,1.0,1.0,0.40310077519379844,1.0,1.0,1
1.0,1.0,1.0,1.0,0.5739130434782609,1.0,1.0,1
1.0,1.0,1.0,1.0,0.47863247863247865,1.0,1.0,1
1.0,1.0,1.0,1.0,0.562962962962963,1.0,1.0,1
1.0,1.0,1.0,1.0,0.4782608695652174,1.0,1.0,1
1.0,1.0,1.0,1.0,0.44285714285714284,1.0,1.0,1
1.0,1.0,1.0,1.0,0.4936708860759494,1.0,1.0,1
1.0,1.0,1.0,1.0,0.8412698412698413,1.0,1.0,1
1.0,1.0,1.0,1.0,0.6666666666666666,1.0,1.0,1
1.0,1.0,1.0,1.0,0.5753424657534246,1.0,1.0,1
1.0,1.0,1.0,1.0,0.819047619047619,1.0,1.0,1
1.0,1.0,1.0,1.0,0.4852941176470588,1.0,1.0,1
1.0,1.0,1.0,1.0,0.6666666666666666,1.0,1.0,1
1.0,1.0,1.0,1.0,0.39316239316239315,1.0,1.0,1
1.0,1.0,1.0,1.0,0.512,1.0,1.0,1
1.0,1.0,1.0,1.0,0.5,1.0,1.0,1
1.0,1.0,1.0,1.0,0.5753424657534246,1.0,1.0,1
1.0,1.0,1.0,1.0,0.38235294117647056,1.0,1.0,1
1.0,1.0,1.0,1.0,0.4358974358974359,1.0,1.0,1
1.0,1.0,1.0,1.0,0.3188405797101449,1.0,1.0,1
1.0,1.0,1.0,1.0,0.6619718309859155,1.0,1.0,1
1.0,1.0,1.0,1.0,0.8387096774193549,1.0,1.0,1
1.0,1.0,1.0,1.0,0.5694444444444444,1.0,1.0,1
1.0,1.0,0.9523809523809523,0.9523809523809523,0.6666666666666666,1.0,1.0,1
1.0,1.0,0.9523809523809523,0.9523809523809523,0.8412698412698413,1.0,1.0,1
1.0,1.0,0.9523809523809523,0.9523809523809523,0.4925373134328358,1.0,1.0,1
1.0,1.0,1.0,1.0,0.5753424657534246,1.0,1.0,1
1.0,1.0,1.0,1.0,0.5064935064935064,1.0,1.0,1
1.0,1.0,1.0,1.0,0.45588235294117646,1.0,1.0,1
1.0,1.0,1.0,1.0,0.5753424657534246,1.0,1.0,1
1.0,1.0,1.0,1.0,0.5753424657534246,1.0,1.0,1
1.0,1.0,1.0,1.0,0.5753424657534246,1.0,1.0,1
1.0,1.0,1.0,1.0,0.4036697247706422,1.0,1.0,1
1.0,1.0,1.0,1.0,0.43859649122807015,1.0,1.0,1
1.0,1.0,1.0,1.0,0.5210084033613446,1.0,1.0,1
1.0,1.0,1.0,1.0,0.4297520661157025,1.0,1.0,1
1.0,1.0,1.0,1.0,0.297029702970297,1.0,1.0,1
1.0,1.0,1.0,1.0,0.3018867924528302,1.0,1.0,1
1.0,1.0,1.0,1.0,0.2962962962962963,1.0,1.0,1
1.0,1.0,1.0,1.0,0.5945945945945946,1.0,1.0,1
1.0,1.0,1.0,1.0,0.3185840707964602,1.0,1.0,1
1.0,1.0,1.0,1.0,0.3728813559322034,1.0,1.0,1
1.0,1.0,0.0,0.0,0.36923076923076925,1.0,0.0,1
1.0,1.0,0.0,0.0,0.35294117647058826,1.0,0.0,1
1.0,1.0,0.0,0.0,0.3973509933774834,1.0,0.0,1
1.0,1.0,0.0,0.0,0.43037974683544306,1.0,0.0,1
1.0,1.0,1.0,1.0,0.5901639344262295,1.0,1.0,1
1.0,1.0,1.0,1.0,0.45255474452554745,1.0,1.0,1
1.0,1.0,1.0,1.0,0.3611111111111111,1.0,1.0,1
1.0,1.0,1.0,1.0,0.4755244755244755,1.0,1.0,1
1.0,1.0,1.0,1.0,0.4,1.0,1.0,1
1.0,1.0,1.0,1.0,0.5696969696969697,1.0,1.0,1
1.0,1.0,0.0,0.0,0.45569620253164556,1.0,0.0,1
1.0,1.0,0.0,0.0,0.4925373134328358,1.0,0.0,1
1.0,1.0,0.0,0.0,0.5733333333333334,1.0,0.0,1
1.0,1.0,0.0,0.0,0.48120300751879697,1.0,0.0,1
1.0,1.0,1.0,1.0,0.4864864864864865,1.0,1.0,1
1.0,1.0,1.0,1.0,0.4634146341463415,1.0,1.0,1
1.0,1.0,1.0,1.0,0.47619047619047616,1.0,1.0,1
1.0,1.0,1.0,1.0,0.6285714285714286,1.0,1.0,1
1.0,1.0,1.0,1.0,0.991869918699187,1.0,1.0,1
1.0,1.0,1.0,1.0,0.6187050359712231,1.0,1.0,1
1.0,1.0,1.0,1.0,0.46153846153846156,1.0,1.0,1
1.0,1.0,1.0,1.0,0.49673202614379086,1.0,1.0,1
1.0,1.0,1.0,1.0,0.35384615384615387,1.0,1.0,1
1.0,1.0,1.0,1.0,0.4935064935064935,1.0,1.0,1
1.0,1.0,1.0,1.0,0.47863247863247865,1.0,1.0,1
1.0,1.0,1.0,1.0,0.8721804511278195,1.0,1.0,1
1.0,1.0,1.0,1.0,0.366412213740458,1.0,1.0,1
1.0,1.0,1.0,1.0,0.5034013605442177,1.0,1.0,1
1.0,1.0,1.0,1.0,0.4909090909090909,1.0,1.0,1
1.0,1.0,1.0,1.0,0.49122807017543857,1.0,1.0,1
1.0,1.0,1.0,1.0,0.4793388429752066,1.0,1.0,1
1.0,1.0,1.0,1.0,0.373134328358209,1.0,1.0,1
1.0,1.0,1.0,1.0,0.8759124087591241,1.0,1.0,1
1.0,1.0,1.0,1.0,0.52,1.0,1.0,1
1.0,1.0,1.0,1.0,0.5095541401273885,1.0,1.0,1
1.0,1.0,0.0,0.0,0.4418604651162791,1.0,0.0,1
1.0,1.0,0.0,0.0,0.4418604651162791,1.0,0.0,1
1.0,1.0,0.0,0.0,0.3925233644859813,1.0,0.0,1
1.0,1.0,0.0,0.0,0.4,1.0,0.0,1
1.0,1.0,1.0,1.0,1.0,1.0,1.0,1
1.0,1.0,1.0,1.0,0.6178861788617886,1.0,1.0,1
1.0,1.0,1.0,1.0,0.5294117647058824,1.0,1.0,1
1.0,1.0,1.0,1.0,0.6178861788617886,1.0,1.0,1
1.0,1.0,1.0,1.0,0.5294117647058824,1.0,1.0,1
1.0,1.0,1.0,1.0,0.5095541401273885,1.0,1.0,1
1.0,1.0,0.0,0.0,0.384,1.0,0.0,1
1.0,1.0,0.0,0.0,0.5045045045045045,1.0,0.0,1
1.0,1.0,0.0,0.0,0.3673469387755102,1.0,0.0,1
1.0,1.0,0.0,0.0,0.3953488372093023,1.0,0.0,1
1.0,1.0,1.0,1.0,0.4935064935064935,1.0,1.0,1
1.0,1.0,1.0,1.0,0.3971631205673759,1.0,1.0,1
1.0,1.0,1.0,1.0,0.4496124031007752,1.0,1.0,1
1.0,1.0,1.0,1.0,0.47244094488188976,1.0,1.0,1
1.0,1.0,1.0,1.0,0.5739130434782609,1.0,1.0,1
1.0,1.0,1.0,1.0,0.7254901960784313,1.0,1.0,1
1.0,1.0,1.0,1.0,0.35384615384615387,1.0,1.0,1
1.0,1.0,1.0,1.0,0.49673202614379086,1.0,1.0,1
1.0,1.0,1.0,1.0,0.46153846153846156,1.0,1.0,1
1.0,1.0,0.0,0.0,0.5631067961165048,1.0,0.0,1
1.0,1.0,0.0,0.0,0.5384615384615384,1.0,0.0,1
1.0,1.0,0.0,0.0,0.49572649572649574,1.0,0.0,1
1.0,1.0,0.0,0.0,0.5306122448979592,1.0,0.0,1
1.0,1.0,1.0,1.0,0.5882352941176471,1.0,1.0,1
1.0,1.0,1.0,1.0,0.5063291139240507,1.0,1.0,1
1.0,1.0,1.0,1.0,0.5323741007194245,1.0,1.0,1
1.0,1.0,1.0,1.0,0.46616541353383456,1.0,1.0,1
1.0,1.0,1.0,1.0,0.6491228070175439,1.0,1.0,1
1.0,1.0,1.0,1.0,0.5359477124183006,1.0,1.0,1
1.0,1.0,0.0,0.0,0.421875,1.0,0.0,1
1.0,1.0,0.0,0.0,0.5882352941176471,1.0,0.0,1
1.0,1.0,0.0,0.0,0.7647058823529411,1.0,0.0,1
1.0,1.0,1.0,1.0,0.417910447761194,1.0,1.0,1
1.0,1.0,1.0,1.0,0.4626865671641791,1.0,1.0,1
1.0,1.0,1.0,1.0,0.5740740740740741,1.0,1.0,1
1.0,1.0,0.0,0.0,0.5348837209302325,1.0,0.0,1
1.0,1.0,0.0,0.0,0.453125,1.0,0.0,1
1.0,1.0,0.0,0.0,0.3764705882352941,1.0,0.0,1
1.0,1.0,0.0,0.0,0.46153846153846156,1.0,0.0,1
1.0,1.0,1.0,1.0,0.453125,1.0,1.0,1
1.0,1.0,1.0,1.0,0.7529411764705882,1.0,1.0,1
1.0,1.0,1.0,1.0,0.46153846153846156,1.0,1.0,1
1.0,1.0,1.0,1.0,0.3464566929133858,1.0,1.0,1
1.0,1.0,1.0,1.0,0.4657534246575342,1.0,1.0,1
1.0,1.0,1.0,1.0,0.2912621359223301,1.0,1.0,1
1.0,1.0,1.0,1.0,0.7529411764705882,1.0,1.0,1
1.0,1.0,1.0,1.0,0.48,1.0,1.0,1
1.0,1.0,1.0,1.0,0.3106796116504854,1.0,1.0,1
1.0,1.0,1.0,1.0,0.4329896907216495,1.0,1.0,1
1.0,1.0,1.0,1.0,0.6486486486486487,1.0,1.0,1
1.0,1.0,1.0,1.0,0.47058823529411764,1.0,1.0,1
1.0,1.0,1.0,1.0,0.5,1.0,1.0,1
1.0,1.0,1.0,1.0,0.5217391304347826,1.0,1.0,1
1.0,1.0,1.0,1.0,0.5581395348837209,1.0,1.0,1
1.0,1.0,1.0,1.0,0.5087719298245614,1.0,1.0,1
1.0,1.0,0.0,0.0,0.3958333333333333,1.0,0.0,1
1.0,1.0,0.0,0.0,0.46017699115044247,1.0,0.0,1
1.0,1.0,0.0,0.0,0.5531914893617021,1.0,0.0,1
1.0,1.0,0.0,0.0,0.6,1.0,0.0,1
1.0,1.0,1.0,1.0,0.27184466019417475,1.0,1.0,1
1.0,1.0,1.0,1.0,0.7142857142857143,1.0,1.0,1
1.0,1.0,1.0,1.0,0.37777777777777777,1.0,1.0,1
1.0,1.0,1.0,1.0,0.45544554455445546,1.0,1.0,1
1.0,1.0,1.0,1.0,0.5420560747663551,1.0,1.0,1
1.0,1.0,1.0,1.0,0.5454545454545454,1.0,1.0,1
1.0,1.0,1.0,1.0,0.3106796116504854,1.0,1.0,1
1.0,1.0,1.0,1.0,0.49230769230769234,1.0,1.0,1
1.0,1.0,1.0,1.0,0.3893805309734513,1.0,1.0,1
1.0,1.0,1.0,1.0,0.3893805309734513,1.0,1.0,1
1.0,1.0,1.0,1.0,0.5714285714285714,1.0,1.0,1
1.0,1.0,1.0,1.0,0.6728971962616822,1.0,1.0,1
1.0,1.0,1.0,1.0,0.46464646464646464,1.0,1.0,1
1.0,1.0,1.0,1.0,0.21818181818181817,1.0,1.0,1
1.0,0.9523809523809523,0.9523809523809523,1.0,0.10344827586206896,1.0,1.0,1
1.0,0.9523809523809523,0.9523809523809523,1.0,0.09090909090909091,1.0,1.0,1
1.0,0.9523809523809523,0.9523809523809523,1.0,0.09090909090909091,1.0,1.0,1
1.0,0.9523809523809523,0.9523809523809523,1.0,0.37362637362637363,1.0,1.0,1
1.0,0.9523809523809523,0.9523809523809523,1.0,0.36363636363636365,1.0,1.0,1
1.0,0.9523809523809523,0.9523809523809523,1.0,0.3434343434343434,1.0,1.0,1
1.0,0.9523809523809523,1.0,0.9523809523809523,0.5882352941176471,1.0,1.0,1
1.0,0.9523809523809523,1.0,0.9523809523809523,0.6078431372549019,1.0,1.0,1
1.0,0.9523809523809523,1.0,0.9523809523809523,0.9090909090909091,1.0,1.0,1
1.0,1.0,1.0,1.0,0.2807017543859649,1.0,1.0,1
1.0,0.8571428571428571,0.8571428571428571,1.0,0.3300970873786408,1.0,1.0,1
1.0,0.8571428571428571,0.8571428571428571,1.0,0.17857142857142858,1.0,1.0,1
1.0,1.0,1.0,1.0,0.411214953271028,1.0,1.0,1
1.0,0.9523809523809523,0.9523809523809523,1.0,0.5048543689320388,1.0,1.0,1
1.0,0.9523809523809523,0.9523809523809523,1.0,0.4444444444444444,1.0,1.0,1
1.0,0.8571428571428571,0.8571428571428571,1.0,0.4,1.0,1.0,1
1.0,0.9523809523809523,0.9523809523809523,1.0,0.851063829787234,1.0,1.0,1
1.0,0.9523809523809523,0.9523809523809523,1.0,0.4444444444444444,1.0,1.0,1
1.0,0.8571428571428571,0.8571428571428571,1.0,0.6458333333333334,1.0,1.0,1
1.0,0.9523809523809523,1.0,0.9523809523809523,0.5454545454545454,1.0,1.0,1
1.0,0.8571428571428571,0.9,0.9523809523809523,0.5652173913043478,1.0,1.0,1
1.0,0.8571428571428571,0.9,0.9523809523809523,0.45569620253164556,1.0,1.0,1
1.0,0.4,0.0,0.0,0.49230769230769234,1.0,0.0,1
1.0,1.0,0.0,0.0,0.49230769230769234,1.0,0.0,1
1.0,0.26666666666666666,0.0,0.0,1.0,1.0,0.0,1
1.0,1.0,0.4,0.4,1.0,1.0,1.0,1
1.0,0.26666666666666666,0.3333333333333333,0.4,0.49230769230769234,1.0,0.3076923076923077,1
1.0,0.26666666666666666,0.26666666666666666,1.0,0.49230769230769234,1.0,0.3076923076923077,1
1.0,1.0,1.0,1.0,0.5517241379310345,1.0,1.0,1
1.0,1.0,0.0,0.0,0.5,1.0,0.0,1
1.0,1.0,0.0,0.0,1.0,1.0,0.0,1
1.0,1.0,0.0,0.0,0.49056603773584906,1.0,0.0,1
1.0,1.0,0.0,0.0,0.5,1.0,0.0,1
1.0,1.0,1.0,1.0,0.5,1.0,1.0,1
1.0,1.0,1.0,1.0,0.6875,1.0,1.0,1
1.0,1.0,1.0,1.0,1.0,1.0,1.0,1
1.0,1.0,1.0,1.0,0.49056603773584906,1.0,1.0,1
1.0,1.0,1.0,1.0,0.5,1.0,1.0,1
1.0,1.0,1.0,1.0,0.6875,1.0,1.0,1
1.0,1.0,0.0,0.0,0.7567567567567568,1.0,0.0,1
1.0,1.0,0.0,0.0,0.5301204819277109,1.0,0.0,1
1.0,1.0,0.0,0.0,1.0,1.0,0.0,1
1.0,1.0,0.0,0.0,0.7567567567567568,1.0,0.0,1
1.0,1.0,0.0,0.0,0.5301204819277109,1.0,0.0,1
1.0,1.0,0.0,0.0,0.627906976744186,1.0,0.0,1
1.0,1.0,1.0,1.0,0.5057471264367817,1.0,1.0,1
1.0,1.0,1.0,1.0,0.7567567567567568,1.0,1.0,1
1.0,1.0,1.0,1.0,1.0,1.0,1.0,1
1.0,1.0,1.0,1.0,0.5057471264367817,1.0,1.0,1
1.0,1.0,1.0,1.0,0.7333333333333333,1.0,1.0,1
1.0,1.0,1.0,1.0,0.5301204819277109,1.0,1.0,1
1.0,1.0,1.0,1.0,0.5057471264367817,1.0,1.0,1
1.0,1.0,1.0,1.0,1.0,1.0,1.0,1
1.0,1.0,1.0,1.0,0.7070707070707071,1.0,1.0,1
1.0,1.0,1.0,1.0,0.7567567567567568,1.0,1.0,1
1.0,1.0,1.0,1.0,0.5301204819277109,1.0,1.0,1
1.0,1.0,1.0,1.0,0.627906976744186,1.0,1.0,1
1.0,1.0,1.0,1.0,0.5057471264367817,1.0,1.0,1
1.0,1.0,1.0,1.0,0.7333333333333333,1.0,1.0,1
1.0,1.0,1.0,1.0,0.7070707070707071,1.0,1.0,1
1.0,0.42857142857142855,0.0,0.0,0.48936170212765956,1.0,0.0,1
1.0,0.9411764705882353,0.0,0.0,0.48936170212765956,1.0,0.0,1
1.0,1.0,0.0,0.0,1.0,1.0,0.0,1
1.0,0.9411764705882353,0.4,0.42857142857142855,1.0,1.0,0.25,1
1.0,1.0,0.42857142857142855,0.42857142857142855,0.48936170212765956,1.0,0.25,1
1.0,1.0,0.9411764705882353,0.9411764705882353,0.48936170212765956,1.0,1.0,1
1.0,1.0,0.14285714285714285,0.14285714285714285,1.0,1.0,0.25,1
1.0,1.0,0.2857142857142857,0.2857142857142857,1.0,1.0,0.25,1
1.0,0.2857142857142857,0.36363636363636365,0.7692307692307693,1.0,1.0,0.11764705882352941,1
1.0,1.0,0.7692307692307693,0.7692307692307693,1.0,1.0,0.15384615384615385,1
1.0,1.0,0.2857142857142857,0.2857142857142857,1.0,1.0,0.25,1
1.0,1.0,0.14285714285714285,0.14285714285714285,1.0,1.0,0.25,1
1.0,1.0,0.2857142857142857,0.2857142857142857,1.0,1.0,0.25,1
1.0,1.0,0.2857142857142857,0.2857142857142857,1.0,1.0,0.25,1
1.0,1.0,0.2857142857142857,0.2857142857142857,1.0,1.0,0.25,1
1.0,1.0,0.14285714285714285,0.14285714285714285,1.0,1.0,0.25,1
1.0,1.0,0.0,0.0,1.0,1.0,0.3333333333333333,1
1.0,1.0,0.42857142857142855,0.42857142857142855,1.0,1.0,0.25,1
1.0,1.0,0.14285714285714285,0.14285714285714285,1.0,1.0,0.25,1
1.0,1.0,0.0,0.0,1.0,1.0,0.0,1
1.0,1.0,0.0,0.0,0.632258064516129,1.0,0.0,1
1.0,1.0,0.0,0.0,0.6415094339622641,1.0,0.0,1
1.0,1.0,0.0,0.0,0.3969465648854962,1.0,0.0,1
1.0,1.0,1.0,1.0,0.632258064516129,1.0,1.0,1
1.0,1.0,1.0,1.0,0.6415094339622641,1.0,1.0,1
1.0,1.0,1.0,1.0,0.3969465648854962,1.0,1.0,1
1.0,1.0,1.0,1.0,0.8846153846153846,1.0,1.0,1
1.0,1.0,1.0,1.0,0.421875,1.0,1.0,1
1.0,1.0,1.0,1.0,0.4393939393939394,1.0,1.0,1
1.0,1.0,0.0,0.0,0.6282051282051282,1.0,0.0,1
1.0,1.0,0.0,0.0,0.6415094339622641,1.0,0.0,1
1.0,1.0,0.0,0.0,1.0,1.0,0.0,1
1.0,1.0,0.0,0.0,0.3969465648854962,1.0,0.0,1
1.0,1.0,1.0,1.0,0.8789808917197452,1.0,1.0,1
1.0,1.0,1.0,1.0,0.6282051282051282,1.0,1.0,1
1.0,1.0,1.0,1.0,0.4186046511627907,1.0,1.0,1
1.0,1.0,1.0,1.0,0.6415094339622641,1.0,1.0,1
1.0,1.0,1.0,1.0,0.4393939393939394,1.0,1.0,1
1.0,1.0,1.0,1.0,0.3969465648854962,1.0,1.0,1
1.0,1.0,0.0,0.0,0.6282051282051282,1.0,0.0,1
1.0,1.0,0.0,0.0,1.0,1.0,0.0,1
1.0,1.0,0.0,0.0,0.6415094339622641,1.0,0.0,1
1.0,1.0,0.0,0.0,0.3969465648854962,1.0,0.0,1
1.0,1.0,1.0,1.0,0.6282051282051282,1.0,1.0,1
1.0,1.0,1.0,1.0,0.8789808917197452,1.0,1.0,1
1.0,1.0,1.0,1.0,0.4186046511627907,1.0,1.0,1
1.0,1.0,1.0,1.0,0.6415094339622641,1.0,1.0,1
1.0,1.0,1.0,1.0,0.3969465648854962,1.0,1.0,1
1.0,1.0,1.0,1.0,0.4393939393939394,1.0,1.0,1
1.0,0.8421052631578947,0.9411764705882353,0.9,0.3851851851851852,1.0,1.0,1
1.0,0.8421052631578947,0.9411764705882353,0.9,0.425531914893617,1.0,1.0,1
1.0,0.8421052631578947,1.0,0.8421052631578947,0.3888888888888889,1.0,1.0,1
1.0,0.8421052631578947,0.9411764705882353,0.9,0.4305555555555556,1.0,1.0,1
1.0,0.8421052631578947,0.9411764705882353,0.9,0.3795620437956204,1.0,1.0,1
1.0,0.8421052631578947,1.0,0.8421052631578947,0.3963963963963964,1.0,1.0,1
1.0,0.8421052631578947,0.9411764705882353,0.9,0.3795620437956204,1.0,1.0,1
1.0,0.8421052631578947,0.9411764705882353,0.9,0.4305555555555556,1.0,1.0,1
1.0,0.8421052631578947,1.0,0.8421052631578947,0.3963963963963964,1.0,1.0,1
1.0,0.8421052631578947,0.9411764705882353,0.9,0.4305555555555556,1.0,1.0,1
1.0,0.8421052631578947,0.9411764705882353,0.9,0.4305555555555556,1.0,1.0,1
1.0,0.8421052631578947,0.8421052631578947,1.0,0.4305555555555556,1.0,1.0,1
1.0,1.0,0.0,0.0,0.3333333333333333,1.0,0.0,1
1.0,0.8421052631578947,0.0,0.0,0.4731182795698925,1.0,0.0,1
1.0,0.8421052631578947,0.0,0.0,0.37142857142857144,1.0,0.0,1
1.0,0.8421052631578947,0.8421052631578947,1.0,0.423841059602649,1.0,1.0,1
1.0,0.8421052631578947,0.8421052631578947,1.0,0.21875,1.0,1.0,1
1.0,0.8421052631578947,1.0,0.8421052631578947,0.29473684210526313,1.0,1.0,1
1.0,1.0,0.0,0.0,0.328125,1.0,0.0,1
1.0,0.8421052631578947,0.0,0.0,0.3181818181818182,1.0,0.0,1
1.0,0.8421052631578947,0.0,0.0,0.5894736842105263,1.0,0.0,1
1.0,0.8421052631578947,0.8421052631578947,1.0,0.3611111111111111,1.0,1.0,1
1.0,0.8421052631578947,0.8421052631578947,1.0,0.423841059602649,1.0,1.0,1
1.0,0.8421052631578947,1.0,0.8421052631578947,0.3963963963963964,1.0,1.0,1
1.0,1.0,0.0,0.0,0.328125,1.0,0.0,1
1.0,0.8421052631578947,0.0,0.0,0.3225806451612903,1.0,0.0,1
1.0,0.8421052631578947,0.0,0.0,0.5894736842105263,1.0,0.0,1
1.0,0.8421052631578947,0.8421052631578947,1.0,0.348993288590604,1.0,1.0,1
1.0,0.8421052631578947,0.8421052631578947,1.0,0.423841059602649,1.0,1.0,1
1.0,0.8421052631578947,1.0,0.8421052631578947,0.3793103448275862,1.0,1.0,1
1.0,1.0,0.0,0.0,0.3464566929133858,1.0,0.0,1
1.0,0.9,0.0,0.0,0.6944444444444444,1.0,0.0,1
1.0,0.9,0.0,0.0,0.5411764705882353,1.0,0.0,1
1.0,0.8421052631578947,0.0,0.0,0.43956043956043955,1.0,0.0,1
1.0,0.9,0.9,1.0,0.4251968503937008,1.0,1.0,1
1.0,0.9,0.9,1.0,0.34285714285714286,1.0,1.0,1
1.0,0.8421052631578947,0.8421052631578947,1.0,0.3013698630136986,1.0,1.0,1
1.0,0.9,1.0,0.9,0.5882352941176471,1.0,1.0,1
1.0,0.8421052631578947,0.9411764705882353,0.9,0.46153846153846156,1.0,1.0,1
1.0,0.8421052631578947,0.9411764705882353,0.9,0.8461538461538461,1.0,1.0,1
1.0,1.0,0.0,0.0,0.3464566929133858,1.0,0.0,1
1.0,0.9,0.0,0.0,0.6341463414634146,1.0,0.0,1
1.0,0.8421052631578947,0.0,0.0,0.43956043956043955,1.0,0.0,1
1.0,0.9,0.9,1.0,0.46715328467153283,1.0,1.0,1
1.0,0.8421052631578947,0.8421052631578947,1.0,0.3013698630136986,1.0,1.0,1
1.0,0.8421052631578947,0.9411764705882353,0.9,0.4752475247524752,1.0,1.0,1
1.0,1.0,0.0,0.0,0.3464566929133858,1.0,0.0,1
1.0,0.9,0.0,0.0,0.6666666666666666,1.0,0.0,1
1.0,0.8421052631578947,0.0,0.0,0.43956043956043955,1.0,0.0,1
1.0,0.9,0.9,1.0,0.4117647058823529,1.0,1.0,1
1.0,0.8421052631578947,0.8421052631578947,1.0,0.3013698630136986,1.0,1.0,1
1.0,0.8421052631578947,0.9411764705882353,0.9,0.46,1.0,1.0,1
1.0,1.0,0.0,0.0,0.3464566929133858,1.0,0.0,1
1.0,0.9,0.0,0.0,0.6944444444444444,1.0,0.0,1
1.0,0.8421052631578947,0.0,0.0,0.43956043956043955,1.0,0.0,1
1.0,0.9,0.9,1.0,0.4251968503937008,1.0,1.0,1
1.0,0.8421052631578947,0.8421052631578947,1.0,0.3013698630136986,1.0,1.0,1
1.0,0.8421052631578947,0.9411764705882353,0.9,0.46153846153846156,1.0,1.0,1
1.0,0.9,0.0,0.0,0.23255813953488372,1.0,0.0,1
1.0,0.8421052631578947,0.0,0.0,0.24242424242424243,1.0,0.0,1
1.0,0.8421052631578947,0.0,0.0,0.29473684210526313,1.0,0.0,1
1.0,0.8421052631578947,0.0,0.0,0.1956521739130435,1.0,0.0,1
1.0,0.8421052631578947,0.9411764705882353,0.9,0.3252032520325203,1.0,1.0,1
1.0,0.8421052631578947,0.9411764705882353,0.9,0.4342105263157895,1.0,1.0,1
1.0,0.8421052631578947,0.9411764705882353,0.9,0.40268456375838924,1.0,1.0,1
1.0,0.8421052631578947,1.0,0.8421052631578947,0.3595505617977528,1.0,1.0,1
1.0,0.8421052631578947,1.0,0.8421052631578947,0.4186046511627907,1.0,1.0,1
1.0,0.8421052631578947,1.0,0.8421052631578947,0.3826086956521739,1.0,1.0,1
1.0,0.8421052631578947,1.0,0.8421052631578947,0.4025974025974026,1.0,1.0,1
1.0,0.8421052631578947,0.9411764705882353,0.9,0.4105960264900662,1.0,1.0,1
1.0,0.8421052631578947,0.9411764705882353,0.9,0.4342105263157895,1.0,1.0,1
1.0,0.8421052631578947,1.0,0.8421052631578947,0.37606837606837606,1.0,1.0,1
1.0,0.9,0.0,0.0,0.4413793103448276,1.0,0.0,1
1.0,0.8421052631578947,0.0,0.0,0.5272727272727272,1.0,0.0,1
1.0,0.8421052631578947,0.0,0.0,0.4864864864864865,1.0,0.0,1
1.0,0.8421052631578947,0.9411764705882353,0.9,0.4105960264900662,1.0,1.0,1
1.0,0.8421052631578947,0.9411764705882353,0.9,0.4342105263157895,1.0,1.0,1
1.0,0.8421052631578947,1.0,0.8421052631578947,0.37606837606837606,1.0,1.0,1
1.0,0.8421052631578947,1.0,0.8421052631578947,0.40522875816993464,1.0,1.0,1
1.0,0.8421052631578947,0.9411764705882353,0.9,0.4342105263157895,1.0,1.0,1
1.0,0.8421052631578947,0.9411764705882353,0.9,0.4105960264900662,1.0,1.0,1
1.0,0.8421052631578947,1.0,0.8421052631578947,0.37606837606837606,1.0,1.0,1
1.0,0.8421052631578947,0.8421052631578947,1.0,0.4129032258064516,1.0,1.0,1
1.0,0.8421052631578947,0.8421052631578947,1.0,0.38323353293413176,1.0,1.0,1
1.0,0.8421052631578947,1.0,0.8421052631578947,0.34328358208955223,1.0,1.0,1
1.0,0.7058823529411765,0.7058823529411765,1.0,0.41025641025641024,1.0,1.0,1
1.0,0.8421052631578947,0.8421052631578947,1.0,0.4105960264900662,1.0,1.0,1
1.0,0.8421052631578947,0.8571428571428571,0.7058823529411765,0.3865546218487395,1.0,1.0,1
1.0,0.8571428571428571,1.0,0.8571428571428571,0.9333333333333333,1.0,1.0,1
1.0,1.0,0.8571428571428571,0.8571428571428571,0.7142857142857143,1.0,0.25,1
1.0,1.0,0.8571428571428571,0.8571428571428571,0.7766990291262136,1.0,0.25,1
1.0,0.0,1.0,0.0,0.5128205128205128,1.0,1.0,1
1.0,1.0,0.0,0.0,0.5985401459854015,1.0,0.0,1
1.0,1.0,0.0,0.0,0.7766990291262136,1.0,0.0,1
1.0,1.0,0.0,0.0,1.0,1.0,0.0,1
1.0,1.0,0.0,0.0,0.5555555555555556,1.0,0.0,1
1.0,1.0,0.0,0.0,0.5636363636363636,1.0,0.0,1
1.0,1.0,0.0,0.0,0.5128205128205128,1.0,0.0,1
1.0,1.0,1.0,1.0,0.5692307692307692,1.0,0.2962962962962963,1
1.0,1.0,1.0,1.0,0.5985401459854015,1.0,1.0,1
1.0,1.0,1.0,1.0,0.7766990291262136,1.0,0.2962962962962963,1
1.0,0.75,0.0,0.0,1.0,1.0,0.0,1
1.0,0.2222222222222222,0.0,0.0,1.0,1.0,0.0,1
1.0,0.2222222222222222,0.2857142857142857,0.75,1.0,1.0,1.0,1
1.0,1.0,0.8,0.8,1.0,1.0,1.0,1
1.0,0.14285714285714285,0.0,0.0,1.0,1.0,0.0,1
1.0,1.0,0.0,0.0,1.0,1.0,0.0,1
1.0,1.0,0.14285714285714285,0.14285714285714285,1.0,1.0,0.3076923076923077,1
1.0,1.0,0.0,0.0,1.0,1.0,0.0,1
1.0,1.0,0.0,0.0,1.0,1.0,0.0,1
1.0,0.5454545454545454,0.0,0.0,0.44776119402985076,1.0,0.0,1
1.0,1.0,0.0,0.0,0.4329896907216495,1.0,0.0,1
1.0,1.0,0.0,0.0,1.0,1.0,0.0,1
1.0,0.0,1.0,0.0,0.5490196078431373,1.0,1.0,1
1.0,0.0,1.0,0.0,0.6666666666666666,1.0,1.0,1
1.0,0.0,1.0,0.0,0.7368421052631579,1.0,1.0,1
1.0,0.15384615384615385,0.0,0.0,0.5490196078431373,1.0,0.0,1
1.0,0.7272727272727273,0.0,0.0,0.7368421052631579,1.0,0.0,1
1.0,0.7272727272727273,0.0,0.0,0.6216216216216216,1.0,0.0,1
1.0,0.0,1.0,0.0,0.5192307692307693,1.0,1.0,1
1.0,0.0,1.0,0.0,0.4666666666666667,1.0,1.0,1
1.0,0.15384615384615385,0.0,0.0,1.0,1.0,0.0,1
1.0,0.7272727272727273,0.0,0.0,0.4666666666666667,1.0,0.0,1
1.0,0.7272727272727273,0.0,0.0,0.36363636363636365,1.0,0.0,1
1.0,0.0,1.0,0.0,0.6153846153846154,1.0,1.0,1
1.0,0.15384615384615385,0.0,0.0,0.5192307692307693,1.0,0.0,1
1.0,0.7272727272727273,0.0,0.0,0.6153846153846154,1.0,0.0,1
1.0,0.7272727272727273,0.0,0.0,0.5789473684210527,1.0,0.0,1
1.0,0.15384615384615385,0.0,0.0,0.4666666666666667,1.0,0.0,1
1.0,0.7272727272727273,0.0,0.0,1.0,1.0,0.0,1
1.0,0.7272727272727273,0.0,0.0,0.6129032258064516,1.0,0.0,1
1.0,0.7272727272727273,0.2,0.15384615384615385,0.4666666666666667,1.0,0.5,1
1.0,0.7272727272727273,0.2,0.15384615384615385,0.36363636363636365,1.0,0.631578947368421,1
1.0,0.7272727272727273,1.0,0.7272727272727273,0.6129032258064516,1.0,0.36363636363636365,1
1.0,0.18181818181818182,0.3076923076923077,0.2857142857142857,1.0,1.0,0.6666666666666666,1
1.0,0.375,0.2222222222222222,0.2857142857142857,1.0,1.0,0.16,1
1.0,0.375,0.6666666666666666,0.18181818181818182,1.0,1.0,0.18181818181818182,1
1.0,0.2857142857142857,0.2857142857142857,1.0,1.0,1.0,0.16,1
1.0,0.25,0.0,0.0,0.34710743801652894,1.0,0.0,1
1.0,1.0,0.0,0.0,0.34710743801652894,1.0,0.0,1
1.0,0.42857142857142855,0.0,0.0,0.34710743801652894,1.0,0.0,1
1.0,1.0,0.25,0.25,1.0,1.0,0.24,1
1.0,0.42857142857142855,0.42857142857142855,0.25,1.0,1.0,0.24,1
1.0,0.42857142857142855,0.42857142857142855,1.0,1.0,1.0,1.0,1
1.0,1.0,0.0,0.0,1.0,1.0,0.0,1
1.0,1.0,0.0,0.0,1.0,1.0,0.0,1
1.0,0.0,1.0,0.0,0.4375,1.0,1.0,1
1.0,1.0,0.0,0.0,0.6870229007633588,1.0,0.0,1
1.0,1.0,0.0,0.0,0.41237113402061853,1.0,0.0,1
1.0,0.0,1.0,0.0,0.972972972972973,1.0,1.0,1
1.0,0.0,1.0,0.0,0.4,1.0,1.0,1
1.0,1.0,0.0,0.0,0.8,1.0,0.0,1
1.0,0.0,1.0,0.0,0.4044943820224719,1.0,1.0,1
1.0,1.0,0.0,0.0,0.8181818181818182,1.0,0.0,1
1.0,1.0,0.0,0.0,0.3711340206185567,1.0,0.0,1
1.0,0.0,1.0,0.0,0.6666666666666666,1.0,1.0,1
1.0,1.0,0.0,0.0,0.5423728813559322,1.0,0.0,1
1.0,1.0,0.0,0.0,0.6753246753246753,1.0,0.0,1
1.0,0.0,1.0,0.0,0.39655172413793105,1.0,1.0,1
1.0,1.0,0.0,0.0,0.47297297297297297,1.0,0.0,1
1.0,0.8421052631578947,0.0,0.0,0.45217391304347826,1.0,0.0,1
1.0,0.8421052631578947,0.0,0.0,0.5,1.0,0.0,1
1.0,1.0,0.0,0.0,0.3076923076923077,1.0,0.0,1
1.0,0.8421052631578947,0.0,0.0,0.43902439024390244,1.0,0.0,1
1.0,0.8421052631578947,0.0,0.0,0.2647058823529412,1.0,0.0,1
1.0,0.8421052631578947,0.8421052631578947,1.0,0.4129032258064516,1.0,1.0,1
1.0,0.8421052631578947,0.8421052631578947,1.0,0.38095238095238093,1.0,1.0,1
1.0,0.8421052631578947,1.0,0.8421052631578947,0.34074074074074073,1.0,1.0,1
1.0,0.0,1.0,0.0,0.7254901960784313,1.0,1.0,1
1.0,1.0,0.0,0.0,0.3057324840764331,1.0,0.0,1
1.0,0.8421052631578947,0.0,0.0,0.26277372262773724,1.0,0.0,1
1.0,0.8421052631578947,0.0,0.0,0.41935483870967744,1.0,0.0,1
1.0,0.8421052631578947,0.0,0.0,0.7226890756302521,1.0,0.0,1
1.0,1.0,0.0,0.0,0.22556390977443608,1.0,0.0,1
1.0,0.8421052631578947,0.0,0.0,0.21238938053097345,1.0,0.0,1
1.0,0.8421052631578947,0.0,0.0,0.32,1.0,0.0,1
1.0,0.8421052631578947,0.0,0.0,0.8210526315789474,1.0,0.0,1
1.0,0.8421052631578947,0.8421052631578947,1.0,0.38095238095238093,1.0,1.0,1
1.0,0.8421052631578947,0.8421052631578947,1.0,0.4129032258064516,1.0,1.0,1
1.0,0.8421052631578947,0.8421052631578947,1.0,0.4,1.0,1.0,1
1.0,0.8421052631578947,1.0,0.8421052631578947,0.34074074074074073,1.0,1.0,1
1.0,0.8421052631578947,1.0,0.8421052631578947,0.35384615384615387,1.0,1.0,1
1.0,0.8421052631578947,1.0,0.8421052631578947,0.41025641025641024,1.0,1.0,1
1.0,0.8421052631578947,0.8421052631578947,1.0,0.39669421487603307,1.0,1.0,1
1.0,0.8421052631578947,0.8421052631578947,1.0,0.45454545454545453,1.0,1.0,1
1.0,0.8421052631578947,1.0,0.8421052631578947,0.42990654205607476,1.0,1.0,1
1.0,0.8421052631578947,0.8421052631578947,1.0,0.45454545454545453,1.0,1.0,1
1.0,0.8421052631578947,0.8421052631578947,1.0,0.39669421487603307,1.0,1.0,1
1.0,0.8421052631578947,1.0,0.8421052631578947,0.42990654205607476,1.0,1.0,1
1.0,0.8421052631578947,0.8421052631578947,1.0,0.45454545454545453,1.0,1.0,1
1.0,0.8421052631578947,0.8421052631578947,1.0,0.39669421487603307,1.0,1.0,1
1.0,0.8421052631578947,1.0,0.8421052631578947,0.42990654205607476,1.0,1.0,1
1.0,0.8421052631578947,0.8421052631578947,1.0,0.45112781954887216,1.0,1.0,1
1.0,0.8421052631578947,0.8421052631578947,1.0,0.5072463768115942,1.0,1.0,1
1.0,0.8421052631578947,1.0,0.8421052631578947,0.464,1.0,1.0,1
1.0,0.9,1.0,0.9,0.47244094488188976,1.0,1.0,1
1.0,0.8421052631578947,0.8421052631578947,1.0,0.42857142857142855,1.0,1.0,1
1.0,0.8421052631578947,0.8421052631578947,1.0,0.43478260869565216,1.0,1.0,1
1.0,0.8421052631578947,1.0,0.8421052631578947,0.4166666666666667,1.0,1.0,1
1.0,0.7058823529411765,0.7058823529411765,1.0,0.45390070921985815,1.0,1.0,1
1.0,0.8421052631578947,0.8421052631578947,1.0,0.4492753623188406,1.0,1.0,1
1.0,0.8421052631578947,0.8571428571428571,0.7058823529411765,0.39669421487603307,1.0,1.0,1
1.0,0.7058823529411765,0.7058823529411765,1.0,0.46808510638297873,1.0,1.0,1
1.0,0.8421052631578947,0.8421052631578947,1.0,0.4492753623188406,1.0,1.0,1
1.0,0.8421052631578947,0.8571428571428571,0.7058823529411765,0.4462809917355372,1.0,1.0,1
1.0,0.7058823529411765,0.7058823529411765,1.0,0.46808510638297873,1.0,1.0,1
1.0,0.8421052631578947,0.8421052631578947,1.0,0.4492753623188406,1.0,1.0,1
1.0,0.8421052631578947,0.8571428571428571,0.7058823529411765,0.4462809917355372,1.0,1.0,1
1.0,0.7058823529411765,0.7058823529411765,1.0,0.46808510638297873,1.0,1.0,1
1.0,0.8421052631578947,0.8421052631578947,1.0,0.4492753623188406,1.0,1.0,1
1.0,0.8421052631578947,0.8571428571428571,0.7058823529411765,0.4462809917355372,1.0,1.0,1
1.0,0.7777777777777778,0.7777777777777778,1.0,0.4755244755244755,1.0,1.0,1
1.0,0.9,0.9,1.0,0.460431654676259,1.0,1.0,1
1.0,0.9,0.875,0.7777777777777778,0.4426229508196721,1.0,1.0,1
1.0,0.9,0.9,1.0,0.42857142857142855,1.0,1.0,1
1.0,0.9,0.9,1.0,0.425531914893617,1.0,1.0,1
1.0,0.9,1.0,0.9,0.4297520661157025,1.0,1.0,1
1.0,0.8421052631578947,0.8421052631578947,1.0,0.3620689655172414,1.0,1.0,1
1.0,0.9,0.9,1.0,0.5694444444444444,1.0,1.0,1
1.0,0.7368421052631579,0.7368421052631579,1.0,0.43902439024390244,1.0,1.0,1
1.0,0.7368421052631579,0.8235294117647058,0.9,0.5391304347826087,1.0,1.0,1
1.0,0.8421052631578947,0.8888888888888888,0.9523809523809523,0.4032258064516129,1.0,1.0,1
1.0,0.8421052631578947,0.8888888888888888,0.9523809523809523,0.4032258064516129,1.0,1.0,1
1.0,0.0,1.0,0.0,0.4878048780487805,1.0,1.0,1
1.0,0.9,0.0,0.0,0.24561403508771928,1.0,0.0,1
1.0,0.8421052631578947,0.0,0.0,0.34,1.0,0.0,1
1.0,0.8421052631578947,0.0,0.0,0.25806451612903225,1.0,0.0,1
1.0,0.8421052631578947,0.0,0.0,0.5915492957746479,1.0,0.0,1
1.0,0.9,0.0,0.0,0.2222222222222222,1.0,0.0,1
1.0,0.8421052631578947,0.0,0.0,0.3058823529411765,1.0,0.0,1
1.0,0.8421052631578947,0.0,0.0,0.28205128205128205,1.0,0.0,1
1.0,0.8421052631578947,0.0,0.0,0.4642857142857143,1.0,0.0,1
1.0,0.8421052631578947,0.9411764705882353,0.9,0.45569620253164556,1.0,1.0,1
1.0,0.8421052631578947,0.9411764705882353,0.9,0.3576158940397351,1.0,1.0,1
1.0,0.8421052631578947,0.9411764705882353,0.9,0.31007751937984496,1.0,1.0,1
1.0,0.8421052631578947,1.0,0.8421052631578947,0.43795620437956206,1.0,1.0,1
1.0,0.8421052631578947,1.0,0.8421052631578947,0.3652173913043478,1.0,1.0,1
1.0,0.8421052631578947,1.0,0.8421052631578947,0.2777777777777778,1.0,1.0,1
1.0,0.8421052631578947,0.0,0.0,0.3252032520325203,1.0,0.0,1
1.0,0.0,1.0,0.0,0.35714285714285715,1.0,1.0,1
1.0,0.8421052631578947,0.0,0.0,0.43636363636363634,1.0,0.0,1
1.0,0.8421052631578947,0.0,0.0,0.45,1.0,0.0,1
1.0,0.8421052631578947,0.0,0.0,0.40476190476190477,1.0,0.0,1
1.0,0.8421052631578947,0.0,0.0,0.3617021276595745,1.0,0.0,1
1.0,0.8421052631578947,1.0,0.8421052631578947,0.8043478260869565,1.0,1.0,1
1.0,0.8421052631578947,0.9411764705882353,0.9,0.44274809160305345,1.0,1.0,1
1.0,0.8421052631578947,0.9411764705882353,0.9,0.38235294117647056,1.0,1.0,1
1.0,0.8421052631578947,0.9411764705882353,0.9,0.3511450381679389,1.0,1.0,1
1.0,0.8421052631578947,1.0,0.8421052631578947,0.41025641025641024,1.0,1.0,1
1.0,0.8421052631578947,0.8421052631578947,1.0,0.3586206896551724,1.0,1.0,1
1.0,0.8421052631578947,0.8421052631578947,1.0,0.3724137931034483,1.0,1.0,1
1.0,0.8421052631578947,1.0,0.8421052631578947,0.4262295081967213,1.0,1.0,1
1.0,0.8421052631578947,0.8421052631578947,1.0,0.43356643356643354,1.0,1.0,1
1.0,0.8421052631578947,0.8421052631578947,1.0,0.3356643356643357,1.0,1.0,1
1.0,0.8421052631578947,1.0,0.8421052631578947,0.4067796610169492,1.0,1.0,1
1.0,0.8421052631578947,0.8571428571428571,0.7058823529411765,0.453781512605042,1.0,1.0,1
1.0,0.8421052631578947,0.8421052631578947,1.0,0.33986928104575165,1.0,1.0,1
1.0,0.8421052631578947,0.8421052631578947,1.0,0.3724137931034483,1.0,1.0,1
1.0,0.8421052631578947,1.0,0.8421052631578947,0.4,1.0,1.0,1
1.0,0.8421052631578947,0.8421052631578947,1.0,0.3586206896551724,1.0,1.0,1
1.0,0.8421052631578947,0.8421052631578947,1.0,0.3724137931034483,1.0,1.0,1
1.0,0.8421052631578947,1.0,0.8421052631578947,0.4262295081967213,1.0,1.0,1
1.0,0.8421052631578947,0.8571428571428571,0.7058823529411765,0.33587786259541985,1.0,1.0,1
1.0,0.8421052631578947,1.0,0.8421052631578947,0.4,1.0,1.0,1
1.0,0.9,0.9,1.0,0.5540540540540541,1.0,1.0,1
1.0,0.8421052631578947,0.8421052631578947,1.0,0.4444444444444444,1.0,1.0,1
1.0,0.8421052631578947,0.9411764705882353,0.9,0.496,1.0,1.0,1
1.0,1.0,1.0,1.0,0.5662650602409639,1.0,1.0,1
1.0,0.8421052631578947,0.8421052631578947,1.0,0.4666666666666667,1.0,1.0,1
1.0,0.8421052631578947,0.8421052631578947,1.0,0.4782608695652174,1.0,1.0,1
1.0,0.8421052631578947,0.8421052631578947,1.0,0.43312101910828027,1.0,1.0,1
1.0,0.8421052631578947,0.8421052631578947,1.0,0.5135135135135135,1.0,1.0,1
1.0,0.8421052631578947,1.0,0.8421052631578947,0.544,1.0,1.0,1
1.0,0.8421052631578947,0.8421052631578947,1.0,0.5238095238095238,1.0,1.0,1
1.0,0.8421052631578947,0.8421052631578947,1.0,0.3055555555555556,1.0,1.0,1
1.0,0.8421052631578947,1.0,0.8421052631578947,0.48333333333333334,1.0,1.0,1
1.0,0.8421052631578947,0.8571428571428571,0.7058823529411765,0.432,1.0,1.0,1
1.0,0.8421052631578947,1.0,0.8421052631578947,0.42201834862385323,1.0,1.0,1
1.0,0.7368421052631579,0.7368421052631579,1.0,0.43548387096774194,1.0,1.0,1
1.0,0.8421052631578947,0.8421052631578947,1.0,0.42016806722689076,1.0,1.0,1
1.0,0.8421052631578947,0.8421052631578947,1.0,0.43548387096774194,1.0,1.0,1
1.0,0.8421052631578947,0.875,0.7368421052631579,0.42201834862385323,1.0,1.0,1
1.0,0.8421052631578947,0.875,0.7368421052631579,1.0,1.0,1.0,1
1.0,0.8421052631578947,1.0,0.8421052631578947,0.42201834862385323,1.0,1.0,1
1.0,0.8421052631578947,0.8421052631578947,1.0,0.42276422764227645,1.0,1.0,1
1.0,0.8421052631578947,0.8421052631578947,1.0,0.47692307692307695,1.0,1.0,1
1.0,0.8421052631578947,1.0,0.8421052631578947,0.46956521739130436,1.0,1.0,1
1.0,0.8421052631578947,1.0,0.8421052631578947,0.43859649122807015,1.0,1.0,1
1.0,0.8421052631578947,0.8421052631578947,1.0,0.31932773109243695,1.0,1.0,1
1.0,0.8421052631578947,0.8421052631578947,1.0,0.4426229508196721,1.0,1.0,1
1.0,0.8421052631578947,1.0,0.8421052631578947,0.46464646464646464,1.0,1.0,1
1.0,0.8421052631578947,0.8571428571428571,0.7058823529411765,0.42276422764227645,1.0,1.0,1
1.0,0.8421052631578947,0.8421052631578947,1.0,0.49645390070921985,1.0,1.0,1
1.0,0.8421052631578947,0.8421052631578947,1.0,0.4,1.0,1.0,1
1.0,0.8421052631578947,1.0,0.8421052631578947,0.4098360655737705,1.0,1.0,1
1.0,0.8421052631578947,0.8571428571428571,0.7058823529411765,0.4126984126984127,1.0,1.0,1
1.0,1.0,1.0,1.0,0.6440677966101694,1.0,1.0,1
1.0,1.0,1.0,1.0,0.3333333333333333,1.0,1.0,1
1.0,1.0,1.0,1.0,0.6433566433566433,1.0,1.0,1
1.0,1.0,1.0,1.0,0.42,1.0,1.0,1
1.0,1.0,1.0,1.0,0.5850340136054422,1.0,1.0,1
1.0,1.0,1.0,1.0,0.4,1.0,1.0,1
1.0,0.0,1.0,0.0,1.0,1.0,0.0,1
1.0,1.0,0.0,0.0,0.5512820512820513,1.0,1.0,1
1.0,0.8421052631578947,0.0,0.0,0.512,1.0,1.0,1
1.0,0.8421052631578947,0.0,0.0,0.4580152671755725,1.0,1.0,1
1.0,1.0,0.0,0.0,0.5512820512820513,1.0,0.0,1
1.0,0.8421052631578947,0.0,0.0,0.512,1.0,0.0,1
1.0,0.8421052631578947,0.0,0.0,0.4580152671755725,1.0,0.0,1
1.0,0.8421052631578947,0.8421052631578947,1.0,0.49504950495049505,1.0,1.0,1
1.0,0.8421052631578947,0.8421052631578947,1.0,0.48598130841121495,1.0,1.0,1
1.0,0.8421052631578947,1.0,0.8421052631578947,0.5789473684210527,1.0,1.0,1
1.0,1.0,1.0,1.0,0.5694444444444444,1.0,1.0,1
1.0,1.0,1.0,1.0,0.5950413223140496,1.0,1.0,1
1.0,1.0,1.0,1.0,0.5477707006369427,1.0,1.0,1
1.0,0.9,0.9,1.0,1.0,1.0,1.0,1
1.0,1.0,1.0,1.0,0.6444444444444445,1.0,1.0,1
1.0,0.7058823529411765,0.0,0.0,0.5263157894736842,1.0,0.0,1
1.0,0.7058823529411765,0.0,0.0,0.5263157894736842,1.0,0.0,1
1.0,0.7058823529411765,0.0,0.0,0.5542168674698795,1.0,0.0,1
1.0,0.5882352941176471,0.0,0.0,0.64,1.0,0.0,1
1.0,0.7058823529411765,1.0,0.7058823529411765,1.0,1.0,1.0,1
1.0,0.7058823529411765,1.0,0.7058823529411765,0.46464646464646464,1.0,1.0,1
1.0,0.5882352941176471,0.8333333333333334,0.7058823529411765,0.5494505494505495,1.0,1.0,1
1.0,0.7058823529411765,1.0,0.7058823529411765,0.46464646464646464,1.0,1.0,1
1.0,0.5882352941176471,0.8333333333333334,0.7058823529411765,0.5494505494505495,1.0,1.0,1
1.0,0.5882352941176471,0.8333333333333334,0.7058823529411765,0.40816326530612246,1.0,1.0,1
1.0,0.0,1.0,0.0,0.35514018691588783,1.0,1.0,1
1.0,0.0,1.0,0.0,0.4827586206896552,1.0,1.0,1
1.0,1.0,0.0,0.0,0.5684210526315789,0.36,0.0,1
1.0,0.375,0.0,0.0,1.0,1.0,0.0,1
1.0,0.47058823529411764,0.0,0.0,0.4827586206896552,1.0,0.0,1
1.0,0.23529411764705882,0.0,0.0,0.46153846153846156,1.0,0.0,1
1.0,0.7777777777777778,0.0,0.0,0.4827586206896552,1.0,0.0,1
1.0,0.7777777777777778,0.0,0.0,0.46153846153846156,1.0,0.0,1
1.0,0.0,1.0,0.0,0.37398373983739835,1.0,1.0,1
1.0,1.0,0.0,0.0,0.47058823529411764,0.36,0.0,1
1.0,0.375,0.0,0.0,0.35514018691588783,1.0,0.0,1
1.0,0.47058823529411764,0.0,0.0,0.37398373983739835,1.0,0.0,1
1.0,0.23529411764705882,0.0,0.0,0.5765765765765766,1.0,0.0,1
1.0,0.7777777777777778,0.0,0.0,0.37398373983739835,1.0,0.0,1
1.0,0.7777777777777778,0.0,0.0,0.5765765765765766,1.0,0.0,1
1.0,1.0,0.0,0.0,0.4144144144144144,0.36,0.0,1
1.0,0.375,0.0,0.0,0.4827586206896552,1.0,0.0,1
1.0,0.47058823529411764,0.0,0.0,1.0,1.0,0.0,1
1.0,0.23529411764705882,0.0,0.0,0.35,1.0,0.0,1
1.0,0.7777777777777778,0.0,0.0,1.0,1.0,0.0,1
1.0,0.7777777777777778,0.0,0.0,0.35,1.0,0.0,1
1.0,0.375,0.375,1.0,0.5684210526315789,0.36,0.3076923076923077,1
1.0,0.47058823529411764,0.47058823529411764,1.0,0.4144144144144144,0.36,0.3076923076923077,1
1.0,0.23529411764705882,0.23529411764705882,1.0,0.42424242424242425,0.36,0.3076923076923077,1
1.0,0.7777777777777778,0.7777777777777778,1.0,0.4144144144144144,0.36,1.0,1
1.0,0.7777777777777778,0.7777777777777778,1.0,0.42424242424242425,0.36,1.0,1
1.0,0.47058823529411764,0.5454545454545454,0.375,0.4827586206896552,1.0,1.0,1
1.0,0.23529411764705882,0.36363636363636365,0.375,0.46153846153846156,1.0,1.0,1
1.0,0.7777777777777778,0.3333333333333333,0.375,0.4827586206896552,1.0,0.3076923076923077,1
1.0,0.7777777777777778,0.3333333333333333,0.375,0.46153846153846156,1.0,0.3076923076923077,1
1.0,0.23529411764705882,0.6666666666666666,0.47058823529411764,0.35,1.0,1.0,1
1.0,0.7777777777777778,0.46153846153846156,0.47058823529411764,1.0,1.0,0.3076923076923077,1
1.0,0.7777777777777778,0.46153846153846156,0.47058823529411764,0.35,1.0,0.3076923076923077,1
1.0,0.7777777777777778,0.3076923076923077,0.23529411764705882,0.35,1.0,0.3076923076923077,1
1.0,0.7777777777777778,0.3076923076923077,0.23529411764705882,1.0,1.0,0.3076923076923077,1
1.0,0.7777777777777778,1.0,0.7777777777777778,0.35,1.0,1.0,1
1.0,1.0,1.0,1.0,0.4117647058823529,1.0,1.0,1
1.0,0.9,0.9,1.0,0.6717557251908397,1.0,1.0,1
1.0,0.9,0.9,1.0,0.4672897196261682,1.0,1.0,1
1.0,1.0,1.0,1.0,0.4782608695652174,1.0,1.0,1
1.0,0.9,0.9,1.0,0.6950354609929078,1.0,1.0,1
1.0,0.9,0.9,1.0,0.5504587155963303,1.0,1.0,1
1.0,1.0,1.0,1.0,0.37777777777777777,1.0,1.0,1
1.0,0.9,0.9,1.0,0.3708609271523179,1.0,1.0,1
1.0,0.9,0.9,1.0,0.6766917293233082,1.0,1.0,1
1.0,1.0,1.0,1.0,0.37777777777777777,1.0,1.0,1
1.0,0.9,0.9,1.0,0.6616541353383458,1.0,1.0,1
1.0,0.9,0.9,1.0,0.3576158940397351,1.0,1.0,1
1.0,0.25,0.0,0.0,1.0,1.0,0.0,1
1.0,0.8888888888888888,0.0,0.0,0.5454545454545454,1.0,0.0,1
1.0,1.0,0.0,0.0,0.6097560975609756,1.0,0.0,1
1.0,1.0,0.0,0.0,0.6588235294117647,1.0,0.0,1
1.0,1.0,1.0,1.0,0.8354430379746836,1.0,1.0,1
1.0,0.0,1.0,0.0,0.38636363636363635,1.0,1.0,1
1.0,0.0,1.0,0.0,1.0,1.0,1.0,1
1.0,0.0,1.0,0.0,0.5192307692307693,1.0,1.0,1
1.0,0.7368421052631579,0.0,0.0,0.5925925925925926,1.0,0.0,1
1.0,0.0,1.0,0.0,0.38636363636363635,1.0,1.0,1
1.0,0.0,1.0,0.0,0.5641025641025641,1.0,1.0,1
1.0,0.7368421052631579,0.0,0.0,0.3486238532110092,1.0,0.0,1
1.0,0.0,1.0,0.0,0.5192307692307693,1.0,1.0,1
1.0,0.7368421052631579,0.0,0.0,0.5925925925925926,1.0,0.0,1
1.0,0.7368421052631579,0.0,0.0,0.464,1.0,0.0,1
1.0,0.8888888888888888,0.3333333333333333,0.2857142857142857,1.0,1.0,0.16,1
1.0,1.0,0.2857142857142857,0.2857142857142857,0.2988505747126437,1.0,0.16,1
1.0,1.0,0.8888888888888888,0.8888888888888888,0.2988505747126437,1.0,1.0,1
1.0,0.0,1.0,0.0,0.6172839506172839,1.0,1.0,1
1.0,1.0,0.0,0.0,0.6578947368421053,1.0,0.0,1
1.0,1.0,0.0,0.0,0.5376344086021505,1.0,0.0,1
1.0,1.0,0.0,0.0,0.9213483146067416,1.0,0.0,1
1.0,1.0,0.0,0.0,0.5283018867924528,1.0,0.0,1
1.0,1.0,1.0,1.0,0.5544554455445545,1.0,1.0,1
1.0,0.0,1.0,0.0,0.7727272727272727,1.0,1.0,1
1.0,1.0,0.0,0.0,0.4158415841584158,1.0,0.0,1
1.0,1.0,0.0,0.0,0.5079365079365079,1.0,0.0,1
1.0,1.0,0.0,0.0,0.4158415841584158,1.0,0.0,1
1.0,1.0,0.0,0.0,0.40404040404040403,1.0,0.0,1
1.0,1.0,0.0,0.0,0.46774193548387094,1.0,0.0,1
1.0,1.0,0.0,0.0,0.40404040404040403,1.0,0.0,1
1.0,1.0,1.0,1.0,0.3870967741935484,1.0,1.0,1
1.0,1.0,1.0,1.0,1.0,1.0,1.0,1
1.0,1.0,1.0,1.0,0.3870967741935484,1.0,1.0,1
1.0,0.0,1.0,0.0,0.30357142857142855,1.0,1.0,1
1.0,1.0,0.0,0.0,1.0,1.0,0.0,1
1.0,1.0,0.0,0.0,0.30357142857142855,1.0,0.0,1
1.0,1.0,0.0,0.0,1.0,1.0,0.0,1
1.0,1.0,0.0,0.0,0.6744186046511628,1.0,0.0,1
1.0,1.0,0.0,0.0,0.45977011494252873,1.0,0.2,1
1.0,1.0,0.0,0.0,0.3958333333333333,1.0,0.2,1
1.0,1.0,1.0,1.0,0.7751937984496124,1.0,1.0,1
1.0,1.0,0.0,0.0,1.0,1.0,0.0,1
1.0,1.0,0.0,0.0,0.47058823529411764,1.0,0.0,1
1.0,1.0,1.0,1.0,0.47058823529411764,1.0,1.0,1
1.0,0.0,1.0,0.0,0.5211267605633803,1.0,1.0,1
1.0,0.875,0.0,0.0,0.5211267605633803,1.0,0.0,1
1.0,1.0,0.0,0.0,0.5211267605633803,1.0,0.0,1
1.0,1.0,0.0,0.0,0.36,1.0,0.0,1
1.0,1.0,0.0,0.0,0.4748201438848921,1.0,0.0,1
1.0,0.9333333333333333,0.0,0.0,0.4748201438848921,1.0,0.0,1
1.0,0.875,0.0,0.0,1.0,1.0,0.0,1
1.0,1.0,0.0,0.0,1.0,1.0,0.0,1
1.0,1.0,0.0,0.0,0.4153846153846154,1.0,0.0,1
1.0,1.0,0.0,0.0,0.6050420168067226,1.0,0.0,1
1.0,0.9333333333333333,0.0,0.0,0.6050420168067226,1.0,0.0,1
1.0,1.0,0.875,0.875,1.0,1.0,1.0,1
1.0,1.0,0.875,0.875,0.4153846153846154,1.0,1.0,1
1.0,1.0,0.875,0.875,0.6050420168067226,1.0,1.0,1
1.0,0.9333333333333333,0.8,0.875,0.6050420168067226,1.0,1.0,1
1.0,1.0,1.0,1.0,0.4153846153846154,1.0,1.0,1
1.0,1.0,1.0,1.0,0.6050420168067226,1.0,1.0,1
1.0,0.9333333333333333,0.9333333333333333,1.0,0.6050420168067226,1.0,1.0,1
1.0,1.0,1.0,1.0,0.36220472440944884,1.0,1.0,1
1.0,0.9333333333333333,0.9333333333333333,1.0,0.36220472440944884,1.0,1.0,1
1.0,0.9333333333333333,0.9333333333333333,1.0,1.0,1.0,1.0,1
1.0,1.0,0.0,0.0,0.4074074074074074,1.0,0.0,1
1.0,1.0,0.0,0.0,1.0,1.0,0.0,1
1.0,1.0,1.0,1.0,0.4074074074074074,1.0,1.0,1
1.0,0.0,1.0,0.0,1.0,1.0,1.0,1
1.0,1.0,0.0,0.0,0.6804123711340206,1.0,0.0,1
1.0,1.0,0.0,0.0,0.5555555555555556,1.0,0.0,1
1.0,1.0,0.0,0.0,0.6804123711340206,1.0,0.0,1
1.0,1.0,0.0,0.0,0.5555555555555556,1.0,0.0,1
1.0,1.0,1.0,1.0,0.5142857142857142,1.0,1.0,1
1.0,1.0,0.0,0.0,1.0,1.0,0.0,1
1.0,1.0,0.0,0.0,1.0,1.0,0.0,1
1.0,0.0,1.0,0.0,0.3883495145631068,1.0,1.0,1
1.0,0.42857142857142855,0.0,0.0,0.49523809523809526,1.0,0.0,1
1.0,0.42857142857142855,0.0,0.0,0.3902439024390244,1.0,0.0,1
1.0,1.0,0.0,0.0,1.0,1.0,0.0,1
1.0,0.75,0.0,0.0,0.5811965811965812,1.0,0.0,1
1.0,0.88,0.0,0.0,1.0,1.0,0.0,1
1.0,0.88,0.88,0.75,0.5811965811965812,1.0,0.2222222222222222,1
1.0,1.0,0.0,0.0,1.0,1.0,0.0,1
1.0,0.4,0.0,0.0,1.0,1.0,0.0,1
1.0,1.0,0.0,0.0,1.0,1.0,0.0,1
1.0,1.0,0.4,0.4,1.0,1.0,0.07692307692307693,1
1.0,0.0,1.0,0.0,0.6153846153846154,1.0,1.0,1
1.0,1.0,0.0,0.0,1.0,1.0,0.0,1
1.0,1.0,0.0,0.0,0.6153846153846154,1.0,0.0,1
1.0,1.0,0.0,0.0,0.6153846153846154,1.0,0.0,1
1.0,1.0,0.0,0.0,1.0,1.0,0.0,1
1.0,1.0,1.0,1.0,0.6153846153846154,1.0,1.0,1
1.0,0.0,1.0,0.0,1.0,1.0,0.0,1
1.0,0.9333333333333333,0.0,0.0,1.0,1.0,0.0,1
1.0,0.0,0.0,0.0,1.0,1.0,0.0,1
1.0,0.9333333333333333,0.0,0.0,1.0,1.0,0.07692307692307693,1
1.0,0.0,0.0,0.0,1.0,1.0,1.0,1
1.0,0.0,0.0,0.9333333333333333,1.0,1.0,0.07692307692307693,1
1.0,0.0,1.0,0.0,0.9069767441860465,1.0,1.0,1
1.0,1.0,0.0,0.0,0.9069767441860465,1.0,0.0,1
1.0,1.0,0.0,0.0,1.0,1.0,0.0,1
1.0,0.9,0.0,0.0,1.0,1.0,0.0,1
1.0,1.0,0.0,0.0,1.0,1.0,0.0,1
1.0,1.0,0.0,0.0,1.0,1.0,0.0,1
1.0,1.0,0.0,0.0,1.0,1.0,0.0,1
1.0,1.0,0.0,0.0,1.0,1.0,0.0,1
